title,artist,source,sourceAlias,collection,bvid,page,pubdateFormatted,link,auditReasons,pendingTitleReasons
セブンティーン,YOASOBI,ibaramuan.js,茨むあん,【歌切】[2026-07-05]喜欢动漫歌曲和术力口的人快来集合！欢迎新朋友。 Muan ch.茨むあん,BV17kTU6WE1u,3,2026-07-06 06:16:07,https://www.bilibili.com/video/BV17kTU6WE1u?p=3,合集/视频标题含术力口关键词但歌名/歌手无直接证据,
アイドル,YOASOBI,ibaramuan.js,茨むあん,【歌切】[2026-07-05]喜欢动漫歌曲和术力口的人快来集合！欢迎新朋友。 Muan ch.茨むあん,BV17kTU6WE1u,4,2026-07-06 06:16:07,https://www.bilibili.com/video/BV17kTU6WE1u?p=4,合集/视频标题含术力口关键词但歌名/歌手无直接证据,
残酷な天使のテーゼ,高橋洋子,ibaramuan.js,茨むあん,【歌切】[2026-07-05]喜欢动漫歌曲和术力口的人快来集合！欢迎新朋友。 Muan ch.茨むあん,BV17kTU6WE1u,7,2026-07-06 06:16:07,https://www.bilibili.com/video/BV17kTU6WE1u?p=7,合集/视频标题含术力口关键词但歌名/歌手无直接证据,
創聖のアクエリオン,AKINO,ibaramuan.js,茨むあん,【歌切】[2026-07-05]喜欢动漫歌曲和术力口的人快来集合！欢迎新朋友。 Muan ch.茨むあん,BV17kTU6WE1u,8,2026-07-06 06:16:07,https://www.bilibili.com/video/BV17kTU6WE1u?p=8,合集/视频标题含术力口关键词但歌名/歌手无直接证据,
Shout Baby,緑黄色社会,ibaramuan.js,茨むあん,【歌切】[2026-07-05]喜欢动漫歌曲和术力口的人快来集合！欢迎新朋友。 Muan ch.茨むあん,BV17kTU6WE1u,11,2026-07-06 06:16:07,https://www.bilibili.com/video/BV17kTU6WE1u?p=11,合集/视频标题含术力口关键词但歌名/歌手无直接证据,
花になって,緑黄色社会,ibaramuan.js,茨むあん,【歌切】[2026-07-05]喜欢动漫歌曲和术力口的人快来集合！欢迎新朋友。 Muan ch.茨むあん,BV17kTU6WE1u,12,2026-07-06 06:16:07,https://www.bilibili.com/video/BV17kTU6WE1u?p=12,合集/视频标题含术力口关键词但歌名/歌手无直接证据,
Mela!,緑黄色社会,ibaramuan.js,茨むあん,【歌切】[2026-07-05]喜欢动漫歌曲和术力口的人快来集合！欢迎新朋友。 Muan ch.茨むあん,BV17kTU6WE1u,13,2026-07-06 06:16:07,https://www.bilibili.com/video/BV17kTU6WE1u?p=13,合集/视频标题含术力口关键词但歌名/歌手无直接证据,
StaRt,Mrs. GREEN APPLE,ibaramuan.js,茨むあん,【歌切】[2026-07-05]喜欢动漫歌曲和术力口的人快来集合！欢迎新朋友。 Muan ch.茨むあん,BV17kTU6WE1u,16,2026-07-06 06:16:07,https://www.bilibili.com/video/BV17kTU6WE1u?p=16,合集/视频标题含术力口关键词但歌名/歌手无直接证据,
ゴールデンタイムラバー,スキマスイッチ,ibaramuan.js,茨むあん,【歌切】[2026-07-05]喜欢动漫歌曲和术力口的人快来集合！欢迎新朋友。 Muan ch.茨むあん,BV17kTU6WE1u,17,2026-07-06 06:16:07,https://www.bilibili.com/video/BV17kTU6WE1u?p=17,合集/视频标题含术力口关键词但歌名/歌手无直接证据,
Can Do,GRANRODEO,ibaramuan.js,茨むあん,【歌切】[2026-07-05]喜欢动漫歌曲和术力口的人快来集合！欢迎新朋友。 Muan ch.茨むあん,BV17kTU6WE1u,18,2026-07-06 06:16:07,https://www.bilibili.com/video/BV17kTU6WE1u?p=18,合集/视频标题含术力口关键词但歌名/歌手无直接证据,
オリオンをなぞる,UNISON SQUARE GARDEN,ibaramuan.js,茨むあん,【歌切】[2026-07-05]喜欢动漫歌曲和术力口的人快来集合！欢迎新朋友。 Muan ch.茨むあん,BV17kTU6WE1u,21,2026-07-06 06:16:07,https://www.bilibili.com/video/BV17kTU6WE1u?p=21,合集/视频标题含术力口关键词但歌名/歌手无直接证据,
深愛,水樹奈々,ibaramuan.js,茨むあん,【歌切】[2026-07-05]喜欢动漫歌曲和术力口的人快来集合！欢迎新朋友。 Muan ch.茨むあん,BV17kTU6WE1u,22,2026-07-06 06:16:07,https://www.bilibili.com/video/BV17kTU6WE1u?p=22,合集/视频标题含术力口关键词但歌名/歌手无直接证据,
THE DAY,ポルノグラフィティ,ibaramuan.js,茨むあん,【歌切】[2026-07-05]喜欢动漫歌曲和术力口的人快来集合！欢迎新朋友。 Muan ch.茨むあん,BV17kTU6WE1u,25,2026-07-06 06:16:07,https://www.bilibili.com/video/BV17kTU6WE1u?p=25,合集/视频标题含术力口关键词但歌名/歌手无直接证据,
第六感,Reol,ibaramuan.js,茨むあん,【歌切】[2026-07-05]喜欢动漫歌曲和术力口的人快来集合！欢迎新朋友。 Muan ch.茨むあん,BV17kTU6WE1u,26,2026-07-06 06:16:07,https://www.bilibili.com/video/BV17kTU6WE1u?p=26,合集/视频标题含术力口关键词但歌名/歌手无直接证据,
アゲハ蝶,ポルノグラフィティ,ibaramuan.js,茨むあん,【歌切】[2026-07-05]喜欢动漫歌曲和术力口的人快来集合！欢迎新朋友。 Muan ch.茨むあん,BV17kTU6WE1u,27,2026-07-06 06:16:07,https://www.bilibili.com/video/BV17kTU6WE1u?p=27,合集/视频标题含术力口关键词但歌名/歌手无直接证据,
Stellar Stellar,星街すいせい,yamadasharo.js,山田シャロ,【歌切】[2026-07-03]动漫歌曲与术力口✨为你带来活力的歌回 🎤🍻👑 SHALO YAMADA -Vsinger-,BV1DHMw6VESA,1,2026-07-04 19:05:27,https://www.bilibili.com/video/BV1DHMw6VESA?p=1,合集/视频标题含术力口关键词但歌名/歌手无直接证据,
青空のラプソディ,fhána,yamadasharo.js,山田シャロ,【歌切】[2026-07-03]动漫歌曲与术力口✨为你带来活力的歌回 🎤🍻👑 SHALO YAMADA -Vsinger-,BV1DHMw6VESA,2,2026-07-04 19:05:27,https://www.bilibili.com/video/BV1DHMw6VESA?p=2,合集/视频标题含术力口关键词但歌名/歌手无直接证据,
不確定性☆COSMIC MOVEMENT,ワルキューレ,yamadasharo.js,山田シャロ,【歌切】[2026-07-03]动漫歌曲与术力口✨为你带来活力的歌回 🎤🍻👑 SHALO YAMADA -Vsinger-,BV1DHMw6VESA,3,2026-07-04 19:05:27,https://www.bilibili.com/video/BV1DHMw6VESA?p=3,合集/视频标题含术力口关键词但歌名/歌手无直接证据,
甲賀忍法帖,陰陽座,yamadasharo.js,山田シャロ,【歌切】[2026-07-03]动漫歌曲与术力口✨为你带来活力的歌回 🎤🍻👑 SHALO YAMADA -Vsinger-,BV1DHMw6VESA,4,2026-07-04 19:05:27,https://www.bilibili.com/video/BV1DHMw6VESA?p=4,合集/视频标题含术力口关键词但歌名/歌手无直接证据,
IRIS OUT,米津玄師,yamadasharo.js,山田シャロ,【歌切】[2026-07-03]动漫歌曲与术力口✨为你带来活力的歌回 🎤🍻👑 SHALO YAMADA -Vsinger-,BV1DHMw6VESA,5,2026-07-04 19:05:27,https://www.bilibili.com/video/BV1DHMw6VESA?p=5,合集/视频标题含术力口关键词但歌名/歌手无直接证据,
innocent starter,水樹奈々,yamadasharo.js,山田シャロ,【歌切】[2026-07-03]动漫歌曲与术力口✨为你带来活力的歌回 🎤🍻👑 SHALO YAMADA -Vsinger-,BV1DHMw6VESA,6,2026-07-04 19:05:27,https://www.bilibili.com/video/BV1DHMw6VESA?p=6,合集/视频标题含术力口关键词但歌名/歌手无直接证据,
ETERNAL BLAZE,水樹奈々,yamadasharo.js,山田シャロ,【歌切】[2026-07-03]动漫歌曲与术力口✨为你带来活力的歌回 🎤🍻👑 SHALO YAMADA -Vsinger-,BV1DHMw6VESA,7,2026-07-04 19:05:27,https://www.bilibili.com/video/BV1DHMw6VESA?p=7,合集/视频标题含术力口关键词但歌名/歌手无直接证据,
禁断のレジスタンス,水樹奈々,yamadasharo.js,山田シャロ,【歌切】[2026-07-03]动漫歌曲与术力口✨为你带来活力的歌回 🎤🍻👑 SHALO YAMADA -Vsinger-,BV1DHMw6VESA,11,2026-07-04 19:05:27,https://www.bilibili.com/video/BV1DHMw6VESA?p=11,合集/视频标题含术力口关键词但歌名/歌手无直接证据,
Angel Blossom,水樹奈々,yamadasharo.js,山田シャロ,【歌切】[2026-07-03]动漫歌曲与术力口✨为你带来活力的歌回 🎤🍻👑 SHALO YAMADA -Vsinger-,BV1DHMw6VESA,12,2026-07-04 19:05:27,https://www.bilibili.com/video/BV1DHMw6VESA?p=12,合集/视频标题含术力口关键词但歌名/歌手无直接证据,
The Bravery,supercell,yamadasharo.js,山田シャロ,【歌切】[2026-07-03]动漫歌曲与术力口✨为你带来活力的歌回 🎤🍻👑 SHALO YAMADA -Vsinger-,BV1DHMw6VESA,13,2026-07-04 19:05:27,https://www.bilibili.com/video/BV1DHMw6VESA?p=13,合集/视频标题含术力口关键词但歌名/歌手无直接证据,
アイドル,YOASOBI,chiyourachomi.js,千代浦蝶美,ちよみch. 千代浦蝶美 /あおぎり高校歌切 2026-06-28 按五十音顺序唱动漫歌、J-POP、术力口等，嗨起来吧～～！！🎤,BV1agKS63EKM,1,2026-06-29 16:08:26,https://www.bilibili.com/video/BV1agKS63EKM?p=1,合集/视频标题含术力口关键词但歌名/歌手无直接证据,
INVOKE -インヴォーク-,T.M.Revolution,chiyourachomi.js,千代浦蝶美,ちよみch. 千代浦蝶美 /あおぎり高校歌切 2026-06-28 按五十音顺序唱动漫歌、J-POP、术力口等，嗨起来吧～～！！🎤,BV1agKS63EKM,2,2026-06-29 16:08:26,https://www.bilibili.com/video/BV1agKS63EKM?p=2,合集/视频标题含术力口关键词但歌名/歌手无直接证据,
ウィーアー!,きただにひろし,chiyourachomi.js,千代浦蝶美,ちよみch. 千代浦蝶美 /あおぎり高校歌切 2026-06-28 按五十音顺序唱动漫歌、J-POP、术力口等，嗨起来吧～～！！🎤,BV1agKS63EKM,3,2026-06-29 16:08:26,https://www.bilibili.com/video/BV1agKS63EKM?p=3,合集/视频标题含术力口关键词但歌名/歌手无直接证据,
Aim for the Star,千代浦蝶美,chiyourachomi.js,千代浦蝶美,ちよみch. 千代浦蝶美 /あおぎり高校歌切 2026-06-28 按五十音顺序唱动漫歌、J-POP、术力口等，嗨起来吧～～！！🎤,BV1agKS63EKM,4,2026-06-29 16:08:26,https://www.bilibili.com/video/BV1agKS63EKM?p=4,合集/视频标题含术力口关键词但歌名/歌手无直接证据,
鬼ノ宴,友成空,chiyourachomi.js,千代浦蝶美,ちよみch. 千代浦蝶美 /あおぎり高校歌切 2026-06-28 按五十音顺序唱动漫歌、J-POP、术力口等，嗨起来吧～～！！🎤,BV1agKS63EKM,5,2026-06-29 16:08:26,https://www.bilibili.com/video/BV1agKS63EKM?p=5,合集/视频标题含术力口关键词但歌名/歌手无直接证据,
風になる,つじあやの,chiyourachomi.js,千代浦蝶美,ちよみch. 千代浦蝶美 /あおぎり高校歌切 2026-06-28 按五十音顺序唱动漫歌、J-POP、术力口等，嗨起来吧～～！！🎤,BV1agKS63EKM,6,2026-06-29 16:08:26,https://www.bilibili.com/video/BV1agKS63EKM?p=6,合集/视频标题含术力口关键词但歌名/歌手无直接证据,
気まぐれロマンティック,いきものがかり,chiyourachomi.js,千代浦蝶美,ちよみch. 千代浦蝶美 /あおぎり高校歌切 2026-06-28 按五十音顺序唱动漫歌、J-POP、术力口等，嗨起来吧～～！！🎤,BV1agKS63EKM,7,2026-06-29 16:08:26,https://www.bilibili.com/video/BV1agKS63EKM?p=7,合集/视频标题含术力口关键词但歌名/歌手无直接证据,
Climax Jump,AAA DEN-O form,chiyourachomi.js,千代浦蝶美,ちよみch. 千代浦蝶美 /あおぎり高校歌切 2026-06-28 按五十音顺序唱动漫歌、J-POP、术力口等，嗨起来吧～～！！🎤,BV1agKS63EKM,8,2026-06-29 16:08:26,https://www.bilibili.com/video/BV1agKS63EKM?p=8,合集/视频标题含术力口关键词但歌名/歌手无直接证据,
Get Wild,TM NETWORK,chiyourachomi.js,千代浦蝶美,ちよみch. 千代浦蝶美 /あおぎり高校歌切 2026-06-28 按五十音顺序唱动漫歌、J-POP、术力口等，嗨起来吧～～！！🎤,BV1agKS63EKM,9,2026-06-29 16:08:26,https://www.bilibili.com/video/BV1agKS63EKM?p=9,合集/视频标题含术力口关键词但歌名/歌手无直接证据,
God knows...,涼宮ハルヒ（平野綾）,chiyourachomi.js,千代浦蝶美,ちよみch. 千代浦蝶美 /あおぎり高校歌切 2026-06-28 按五十音顺序唱动漫歌、J-POP、术力口等，嗨起来吧～～！！🎤,BV1agKS63EKM,10,2026-06-29 16:08:26,https://www.bilibili.com/video/BV1agKS63EKM?p=10,合集/视频标题含术力口关键词但歌名/歌手无直接证据,
さんぽ,井上あずみ,chiyourachomi.js,千代浦蝶美,ちよみch. 千代浦蝶美 /あおぎり高校歌切 2026-06-28 按五十音顺序唱动漫歌、J-POP、术力口等，嗨起来吧～～！！🎤,BV1agKS63EKM,11,2026-06-29 16:08:26,https://www.bilibili.com/video/BV1agKS63EKM?p=11,合集/视频标题含术力口关键词但歌名/歌手无直接证据,
唱,Ado,chiyourachomi.js,千代浦蝶美,ちよみch. 千代浦蝶美 /あおぎり高校歌切 2026-06-28 按五十音顺序唱动漫歌、J-POP、术力口等，嗨起来吧～～！！🎤,BV1agKS63EKM,12,2026-06-29 16:08:26,https://www.bilibili.com/video/BV1agKS63EKM?p=12,合集/视频标题含术力口关键词但歌名/歌手无直接证据,
Starry Heavens,day after tomorrow,chiyourachomi.js,千代浦蝶美,ちよみch. 千代浦蝶美 /あおぎり高校歌切 2026-06-28 按五十音顺序唱动漫歌、J-POP、术力口等，嗨起来吧～～！！🎤,BV1agKS63EKM,13,2026-06-29 16:08:26,https://www.bilibili.com/video/BV1agKS63EKM?p=13,合集/视频标题含术力口关键词但歌名/歌手无直接证据,
閃光,[Alexandros],chiyourachomi.js,千代浦蝶美,ちよみch. 千代浦蝶美 /あおぎり高校歌切 2026-06-28 按五十音顺序唱动漫歌、J-POP、术力口等，嗨起来吧～～！！🎤,BV1agKS63EKM,14,2026-06-29 16:08:26,https://www.bilibili.com/video/BV1agKS63EKM?p=14,合集/视频标题含术力口关键词但歌名/歌手无直接证据,
そして僕にできるコト,day after tomorrow,chiyourachomi.js,千代浦蝶美,ちよみch. 千代浦蝶美 /あおぎり高校歌切 2026-06-28 按五十音顺序唱动漫歌、J-POP、术力口等，嗨起来吧～～！！🎤,BV1agKS63EKM,15,2026-06-29 16:08:26,https://www.bilibili.com/video/BV1agKS63EKM?p=15,合集/视频标题含术力口关键词但歌名/歌手无直接证据,
魂のルフラン,高橋洋子,chiyourachomi.js,千代浦蝶美,ちよみch. 千代浦蝶美 /あおぎり高校歌切 2026-06-28 按五十音顺序唱动漫歌、J-POP、术力口等，嗨起来吧～～！！🎤,BV1agKS63EKM,16,2026-06-29 16:08:26,https://www.bilibili.com/video/BV1agKS63EKM?p=16,合集/视频标题含术力口关键词但歌名/歌手无直接证据,
ちあっぷ！,千代浦蝶美,chiyourachomi.js,千代浦蝶美,ちよみch. 千代浦蝶美 /あおぎり高校歌切 2026-06-28 按五十音顺序唱动漫歌、J-POP、术力口等，嗨起来吧～～！！🎤,BV1agKS63EKM,17,2026-06-29 16:08:26,https://www.bilibili.com/video/BV1agKS63EKM?p=17,合集/视频标题含术力口关键词但歌名/歌手无直接证据,
月のワルツ,諫山実生,chiyourachomi.js,千代浦蝶美,ちよみch. 千代浦蝶美 /あおぎり高校歌切 2026-06-28 按五十音顺序唱动漫歌、J-POP、术力口等，嗨起来吧～～！！🎤,BV1agKS63EKM,18,2026-06-29 16:08:26,https://www.bilibili.com/video/BV1agKS63EKM?p=18,合集/视频标题含术力口关键词但歌名/歌手无直接证据,
departure!,小野正利,chiyourachomi.js,千代浦蝶美,ちよみch. 千代浦蝶美 /あおぎり高校歌切 2026-06-28 按五十音顺序唱动漫歌、J-POP、术力口等，嗨起来吧～～！！🎤,BV1agKS63EKM,19,2026-06-29 16:08:26,https://www.bilibili.com/video/BV1agKS63EKM?p=19,合集/视频标题含术力口关键词但歌名/歌手无直接证据,
トウキョウ・シャンディ・ランデヴ,MAISONdes feat. 花譜・ツミキ,chiyourachomi.js,千代浦蝶美,ちよみch. 千代浦蝶美 /あおぎり高校歌切 2026-06-28 按五十音顺序唱动漫歌、J-POP、术力口等，嗨起来吧～～！！🎤,BV1agKS63EKM,20,2026-06-29 16:08:26,https://www.bilibili.com/video/BV1agKS63EKM?p=20,合集/视频标题含术力口关键词但歌名/歌手无直接证据,
名前のない怪物,EGOIST,chiyourachomi.js,千代浦蝶美,ちよみch. 千代浦蝶美 /あおぎり高校歌切 2026-06-28 按五十音顺序唱动漫歌、J-POP、术力口等，嗨起来吧～～！！🎤,BV1agKS63EKM,21,2026-06-29 16:08:26,https://www.bilibili.com/video/BV1agKS63EKM?p=21,合集/视频标题含术力口关键词但歌名/歌手无直接证据,
1/2,川本真琴,chiyourachomi.js,千代浦蝶美,ちよみch. 千代浦蝶美 /あおぎり高校歌切 2026-06-28 按五十音顺序唱动漫歌、J-POP、术力口等，嗨起来吧～～！！🎤,BV1agKS63EKM,22,2026-06-29 16:08:26,https://www.bilibili.com/video/BV1agKS63EKM?p=22,合集/视频标题含术力口关键词但歌名/歌手无直接证据,
NUDIE★,城ヶ崎美嘉（佳村はるか）,chiyourachomi.js,千代浦蝶美,ちよみch. 千代浦蝶美 /あおぎり高校歌切 2026-06-28 按五十音顺序唱动漫歌、J-POP、术力口等，嗨起来吧～～！！🎤,BV1agKS63EKM,23,2026-06-29 16:08:26,https://www.bilibili.com/video/BV1agKS63EKM?p=23,合集/视频标题含术力口关键词但歌名/歌手无直接证据,
ネコに風船,大塚愛,chiyourachomi.js,千代浦蝶美,ちよみch. 千代浦蝶美 /あおぎり高校歌切 2026-06-28 按五十音顺序唱动漫歌、J-POP、术力口等，嗨起来吧～～！！🎤,BV1agKS63EKM,24,2026-06-29 16:08:26,https://www.bilibili.com/video/BV1agKS63EKM?p=24,合集/视频标题含术力口关键词但歌名/歌手无直接证据,
No way to say,浜崎あゆみ,chiyourachomi.js,千代浦蝶美,ちよみch. 千代浦蝶美 /あおぎり高校歌切 2026-06-28 按五十音顺序唱动漫歌、J-POP、术力口等，嗨起来吧～～！！🎤,BV1agKS63EKM,25,2026-06-29 16:08:26,https://www.bilibili.com/video/BV1agKS63EKM?p=25,合集/视频标题含术力口关键词但歌名/歌手无直接证据,
Butterfly Dream,千代浦蝶美,chiyourachomi.js,千代浦蝶美,ちよみch. 千代浦蝶美 /あおぎり高校歌切 2026-06-28 按五十音顺序唱动漫歌、J-POP、术力口等，嗨起来吧～～！！🎤,BV1agKS63EKM,26,2026-06-29 16:08:26,https://www.bilibili.com/video/BV1agKS63EKM?p=26,合集/视频标题含术力口关键词但歌名/歌手无直接证据,
光るなら,Goose house,chiyourachomi.js,千代浦蝶美,ちよみch. 千代浦蝶美 /あおぎり高校歌切 2026-06-28 按五十音顺序唱动漫歌、J-POP、术力口等，嗨起来吧～～！！🎤,BV1agKS63EKM,27,2026-06-29 16:08:26,https://www.bilibili.com/video/BV1agKS63EKM?p=27,合集/视频标题含术力口关键词但歌名/歌手无直接证据,
プラネタリウム,大塚愛,chiyourachomi.js,千代浦蝶美,ちよみch. 千代浦蝶美 /あおぎり高校歌切 2026-06-28 按五十音顺序唱动漫歌、J-POP、术力口等，嗨起来吧～～！！🎤,BV1agKS63EKM,28,2026-06-29 16:08:26,https://www.bilibili.com/video/BV1agKS63EKM?p=28,合集/视频标题含术力口关键词但歌名/歌手无直接证据,
平行線,さユり,chiyourachomi.js,千代浦蝶美,ちよみch. 千代浦蝶美 /あおぎり高校歌切 2026-06-28 按五十音顺序唱动漫歌、J-POP、术力口等，嗨起来吧～～！！🎤,BV1agKS63EKM,29,2026-06-29 16:08:26,https://www.bilibili.com/video/BV1agKS63EKM?p=29,合集/视频标题含术力口关键词但歌名/歌手无直接证据,
炎,LiSA,chiyourachomi.js,千代浦蝶美,ちよみch. 千代浦蝶美 /あおぎり高校歌切 2026-06-28 按五十音顺序唱动漫歌、J-POP、术力口等，嗨起来吧～～！！🎤,BV1agKS63EKM,30,2026-06-29 16:08:26,https://www.bilibili.com/video/BV1agKS63EKM?p=30,合集/视频标题含术力口关键词但歌名/歌手无直接证据,
負けないで,ZARD,chiyourachomi.js,千代浦蝶美,ちよみch. 千代浦蝶美 /あおぎり高校歌切 2026-06-28 按五十音顺序唱动漫歌、J-POP、术力口等，嗨起来吧～～！！🎤,BV1agKS63EKM,31,2026-06-29 16:08:26,https://www.bilibili.com/video/BV1agKS63EKM?p=31,合集/视频标题含术力口关键词但歌名/歌手无直接证据,
Meteor -ミーティア-,T.M.Revolution,chiyourachomi.js,千代浦蝶美,ちよみch. 千代浦蝶美 /あおぎり高校歌切 2026-06-28 按五十音顺序唱动漫歌、J-POP、术力口等，嗨起来吧～～！！🎤,BV1agKS63EKM,32,2026-06-29 16:08:26,https://www.bilibili.com/video/BV1agKS63EKM?p=32,合集/视频标题含术力口关键词但歌名/歌手无直接证据,
ムーンライト伝説,DALI,chiyourachomi.js,千代浦蝶美,ちよみch. 千代浦蝶美 /あおぎり高校歌切 2026-06-28 按五十音顺序唱动漫歌、J-POP、术力口等，嗨起来吧～～！！🎤,BV1agKS63EKM,33,2026-06-29 16:08:26,https://www.bilibili.com/video/BV1agKS63EKM?p=33,合集/视频标题含术力口关键词但歌名/歌手无直接证据,
Mela!,緑黄色社会,chiyourachomi.js,千代浦蝶美,ちよみch. 千代浦蝶美 /あおぎり高校歌切 2026-06-28 按五十音顺序唱动漫歌、J-POP、术力口等，嗨起来吧～～！！🎤,BV1agKS63EKM,34,2026-06-29 16:08:26,https://www.bilibili.com/video/BV1agKS63EKM?p=34,合集/视频标题含术力口关键词但歌名/歌手无直接证据,
モノクロのキス,シド,chiyourachomi.js,千代浦蝶美,ちよみch. 千代浦蝶美 /あおぎり高校歌切 2026-06-28 按五十音顺序唱动漫歌、J-POP、术力口等，嗨起来吧～～！！🎤,BV1agKS63EKM,35,2026-06-29 16:08:26,https://www.bilibili.com/video/BV1agKS63EKM?p=35,合集/视频标题含术力口关键词但歌名/歌手无直接证据,
やさしさに包まれたなら,荒井由実,chiyourachomi.js,千代浦蝶美,ちよみch. 千代浦蝶美 /あおぎり高校歌切 2026-06-28 按五十音顺序唱动漫歌、J-POP、术力口等，嗨起来吧～～！！🎤,BV1agKS63EKM,36,2026-06-29 16:08:26,https://www.bilibili.com/video/BV1agKS63EKM?p=36,合集/视频标题含术力口关键词但歌名/歌手无直接证据,
YUME日和,島谷ひとみ,chiyourachomi.js,千代浦蝶美,ちよみch. 千代浦蝶美 /あおぎり高校歌切 2026-06-28 按五十音顺序唱动漫歌、J-POP、术力口等，嗨起来吧～～！！🎤,BV1agKS63EKM,37,2026-06-29 16:08:26,https://www.bilibili.com/video/BV1agKS63EKM?p=37,合集/视频标题含术力口关键词但歌名/歌手无直接证据,
ようこそジャパリパークへ,どうぶつビスケッツ×PPP,chiyourachomi.js,千代浦蝶美,ちよみch. 千代浦蝶美 /あおぎり高校歌切 2026-06-28 按五十音顺序唱动漫歌、J-POP、术力口等，嗨起来吧～～！！🎤,BV1agKS63EKM,38,2026-06-29 16:08:26,https://www.bilibili.com/video/BV1agKS63EKM?p=38,合集/视频标题含术力口关键词但歌名/歌手无直接证据,
ら・ら・ら,大黒摩季,chiyourachomi.js,千代浦蝶美,ちよみch. 千代浦蝶美 /あおぎり高校歌切 2026-06-28 按五十音顺序唱动漫歌、J-POP、术力口等，嗨起来吧～～！！🎤,BV1agKS63EKM,39,2026-06-29 16:08:26,https://www.bilibili.com/video/BV1agKS63EKM?p=39,合集/视频标题含术力口关键词但歌名/歌手无直接证据,
リライト,ASIAN KUNG-FU GENERATION,chiyourachomi.js,千代浦蝶美,ちよみch. 千代浦蝶美 /あおぎり高校歌切 2026-06-28 按五十音顺序唱动漫歌、J-POP、术力口等，嗨起来吧～～！！🎤,BV1agKS63EKM,40,2026-06-29 16:08:26,https://www.bilibili.com/video/BV1agKS63EKM?p=40,合集/视频标题含术力口关键词但歌名/歌手无直接证据,
ルージュの伝言,荒井由実,chiyourachomi.js,千代浦蝶美,ちよみch. 千代浦蝶美 /あおぎり高校歌切 2026-06-28 按五十音顺序唱动漫歌、J-POP、术力口等，嗨起来吧～～！！🎤,BV1agKS63EKM,41,2026-06-29 16:08:26,https://www.bilibili.com/video/BV1agKS63EKM?p=41,合集/视频标题含术力口关键词但歌名/歌手无直接证据,
恋愛サーキュレーション,千石撫子（花澤香菜）,chiyourachomi.js,千代浦蝶美,ちよみch. 千代浦蝶美 /あおぎり高校歌切 2026-06-28 按五十音顺序唱动漫歌、J-POP、术力口等，嗨起来吧～～！！🎤,BV1agKS63EKM,42,2026-06-29 16:08:26,https://www.bilibili.com/video/BV1agKS63EKM?p=42,合集/视频标题含术力口关键词但歌名/歌手无直接证据,
私は最強,Ado,chiyourachomi.js,千代浦蝶美,ちよみch. 千代浦蝶美 /あおぎり高校歌切 2026-06-28 按五十音顺序唱动漫歌、J-POP、术力口等，嗨起来吧～～！！🎤,BV1agKS63EKM,44,2026-06-29 16:08:26,https://www.bilibili.com/video/BV1agKS63EKM?p=44,合集/视频标题含术力口关键词但歌名/歌手无直接证据,
ン・パカ マーチ,徳光由香,chiyourachomi.js,千代浦蝶美,ちよみch. 千代浦蝶美 /あおぎり高校歌切 2026-06-28 按五十音顺序唱动漫歌、J-POP、术力口等，嗨起来吧～～！！🎤,BV1agKS63EKM,45,2026-06-29 16:08:26,https://www.bilibili.com/video/BV1agKS63EKM?p=45,合集/视频标题含术力口关键词但歌名/歌手无直接证据,
ダーリン,須田景凪,ibaramuan.js,茨むあん,【歌切】[2026-06-20]可能会上瘾哦，要听听看吗？欢迎新观众 Muan ch.茨むあん,BV1e5jJ6pEqn,20,2026-06-20 19:52:03,https://www.bilibili.com/video/BV1e5jJ6pEqn?p=20,高重名标题需要显式音源证据,
再会,はるまきごはん,others.js,非常驻妹妹,羊羊🐏meimei歌切 2026-05-09 羊羊白夜 第四十四夜,BV1myjz6YE7C,14,2026-06-20 01:41:58,https://www.bilibili.com/video/BV1myjz6YE7C?p=14,高重名标题需要显式音源证据,
少女S,SCANDAL,ibaramuan.js,茨むあん,【歌切】[2026-06-15]星期一定期🎙动漫歌和术力口都喜欢对吧？欢迎初见！ Muan ch.茨むあん,BV18FjT65EJJ,1,2026-06-16 04:26:22,https://www.bilibili.com/video/BV18FjT65EJJ?p=1,合集/视频标题含术力口关键词但歌名/歌手无直接证据,
chAngE,miwa,ibaramuan.js,茨むあん,【歌切】[2026-06-15]星期一定期🎙动漫歌和术力口都喜欢对吧？欢迎初见！ Muan ch.茨むあん,BV18FjT65EJJ,2,2026-06-16 04:26:22,https://www.bilibili.com/video/BV18FjT65EJJ?p=2,合集/视频标题含术力口关键词但歌名/歌手无直接证据,
一度だけの恋なら,ワルキューレ,ibaramuan.js,茨むあん,【歌切】[2026-06-15]星期一定期🎙动漫歌和术力口都喜欢对吧？欢迎初见！ Muan ch.茨むあん,BV18FjT65EJJ,5,2026-06-16 04:26:22,https://www.bilibili.com/video/BV18FjT65EJJ?p=5,合集/视频标题含术力口关键词但歌名/歌手无直接证据,
いけないボーダーライン,ワルキューレ,ibaramuan.js,茨むあん,【歌切】[2026-06-15]星期一定期🎙动漫歌和术力口都喜欢对吧？欢迎初见！ Muan ch.茨むあん,BV18FjT65EJJ,6,2026-06-16 04:26:22,https://www.bilibili.com/video/BV18FjT65EJJ?p=6,合集/视频标题含术力口关键词但歌名/歌手无直接证据,
魂のルフラン,高橋洋子,ibaramuan.js,茨むあん,【歌切】[2026-06-15]星期一定期🎙动漫歌和术力口都喜欢对吧？欢迎初见！ Muan ch.茨むあん,BV18FjT65EJJ,9,2026-06-16 04:26:22,https://www.bilibili.com/video/BV18FjT65EJJ?p=9,合集/视频标题含术力口关键词但歌名/歌手无直接证据,
ハレ晴レユカイ,涼宮ハルヒ(CV:平野綾)、長門有希(CV:茅原実里)、朝比奈みくる(CV:後藤邑子),ibaramuan.js,茨むあん,【歌切】[2026-06-15]星期一定期🎙动漫歌和术力口都喜欢对吧？欢迎初见！ Muan ch.茨むあん,BV18FjT65EJJ,10,2026-06-16 04:26:22,https://www.bilibili.com/video/BV18FjT65EJJ?p=10,合集/视频标题含术力口关键词但歌名/歌手无直接证据,
KICK BACK,米津玄師,ibaramuan.js,茨むあん,【歌切】[2026-06-15]星期一定期🎙动漫歌和术力口都喜欢对吧？欢迎初见！ Muan ch.茨むあん,BV18FjT65EJJ,13,2026-06-16 04:26:22,https://www.bilibili.com/video/BV18FjT65EJJ?p=13,合集/视频标题含术力口关键词但歌名/歌手无直接证据,
ちゅ、多様性。,ano,ibaramuan.js,茨むあん,【歌切】[2026-06-15]星期一定期🎙动漫歌和术力口都喜欢对吧？欢迎初见！ Muan ch.茨むあん,BV18FjT65EJJ,14,2026-06-16 04:26:22,https://www.bilibili.com/video/BV18FjT65EJJ?p=14,合集/视频标题含术力口关键词但歌名/歌手无直接证据,
忘れてやらない,結束バンド,ibaramuan.js,茨むあん,【歌切】[2026-06-15]星期一定期🎙动漫歌和术力口都喜欢对吧？欢迎初见！ Muan ch.茨むあん,BV18FjT65EJJ,17,2026-06-16 04:26:22,https://www.bilibili.com/video/BV18FjT65EJJ?p=17,合集/视频标题含术力口关键词但歌名/歌手无直接证据,
青春コンプレックス,結束バンド,ibaramuan.js,茨むあん,【歌切】[2026-06-15]星期一定期🎙动漫歌和术力口都喜欢对吧？欢迎初见！ Muan ch.茨むあん,BV18FjT65EJJ,18,2026-06-16 04:26:22,https://www.bilibili.com/video/BV18FjT65EJJ?p=18,合集/视频标题含术力口关键词但歌名/歌手无直接证据,
HANABI,いきものがかり,ibaramuan.js,茨むあん,【歌切】[2026-06-15]星期一定期🎙动漫歌和术力口都喜欢对吧？欢迎初见！ Muan ch.茨むあん,BV18FjT65EJJ,21,2026-06-16 04:26:22,https://www.bilibili.com/video/BV18FjT65EJJ?p=21,合集/视频标题含术力口关键词但歌名/歌手无直接证据,
うたかた花火,supercell,ibaramuan.js,茨むあん,【歌切】[2026-06-15]星期一定期🎙动漫歌和术力口都喜欢对吧？欢迎初见！ Muan ch.茨むあん,BV18FjT65EJJ,22,2026-06-16 04:26:22,https://www.bilibili.com/video/BV18FjT65EJJ?p=22,合集/视频标题含术力口关键词但歌名/歌手无直接证据,
革命道中,アイナ・ジ・エンド,ibaramuan.js,茨むあん,【歌切】[2026-06-15]星期一定期🎙动漫歌和术力口都喜欢对吧？欢迎初见！ Muan ch.茨むあん,BV18FjT65EJJ,25,2026-06-16 04:26:22,https://www.bilibili.com/video/BV18FjT65EJJ?p=25,合集/视频标题含术力口关键词但歌名/歌手无直接证据,
アンパンマンのマーチ,ドリーミング,ibaramuan.js,茨むあん,【歌切】[2026-06-15]星期一定期🎙动漫歌和术力口都喜欢对吧？欢迎初见！ Muan ch.茨むあん,BV18FjT65EJJ,26,2026-06-16 04:26:22,https://www.bilibili.com/video/BV18FjT65EJJ?p=26,合集/视频标题含术力口关键词但歌名/歌手无直接证据,
シンデレラ,相対性理論,suzuhanainori.js,鈴花いのり,歌切 2026-06-14 鈴花いのり - Suzuhana Inori - cLoOdpAgqAU 星期日定期𝜗𝜚.⋆ 反差声线怎么样？♡欢迎初见的朋友！,BV1jyjK6sEns,23,2026-06-16 03:35:47,https://www.bilibili.com/video/BV1jyjK6sEns?p=23,曲名需额外证据:シンデレラ,已知术力口曲名:シンデレラ
ルーム No.4,超学生,momijimaru.js,紅葉丸,【🍁歌切】[2026-06-07]术力口爱好者集合!! 唱完50首术力口才结束✨ 紅葉丸チャンネル Momijimaru,BV1upEa6pE5A,14,2026-06-08 04:46:37,https://www.bilibili.com/video/BV1upEa6pE5A?p=14,合集/视频标题含术力口关键词但歌名/歌手无直接证据,
エンドロール,夏代孝明,momijimaru.js,紅葉丸,【🍁歌切】[2026-06-07]术力口爱好者集合!! 唱完50首术力口才结束✨ 紅葉丸チャンネル Momijimaru,BV1upEa6pE5A,42,2026-06-08 04:46:37,https://www.bilibili.com/video/BV1upEa6pE5A?p=42,合集/视频标题含术力口关键词但歌名/歌手无直接证据,
気まぐれロマンティック,いきものがかり,ibaramuan.js,茨むあん,【歌切】[2026-06-05]动漫、术力口很多！初次见面的朋友也请一定来🌟 Muan ch.茨むあん,BV1SrEJ6DEVB,1,2026-06-06 22:33:53,https://www.bilibili.com/video/BV1SrEJ6DEVB?p=1,合集/视频标题含术力口关键词但歌名/歌手无直接证据,
青春ライン,いきものがかり,ibaramuan.js,茨むあん,【歌切】[2026-06-05]动漫、术力口很多！初次见面的朋友也请一定来🌟 Muan ch.茨むあん,BV1SrEJ6DEVB,2,2026-06-06 22:33:53,https://www.bilibili.com/video/BV1SrEJ6DEVB?p=2,合集/视频标题含术力口关键词但歌名/歌手无直接证据,
空色デイズ,中川翔子,ibaramuan.js,茨むあん,【歌切】[2026-06-05]动漫、术力口很多！初次见面的朋友也请一定来🌟 Muan ch.茨むあん,BV1SrEJ6DEVB,5,2026-06-06 22:33:53,https://www.bilibili.com/video/BV1SrEJ6DEVB?p=5,合集/视频标题含术力口关键词但歌名/歌手无直接证据,
"NO, Thank You!",放課後ティータイム,ibaramuan.js,茨むあん,【歌切】[2026-06-05]动漫、术力口很多！初次见面的朋友也请一定来🌟 Muan ch.茨むあん,BV1SrEJ6DEVB,6,2026-06-06 22:33:53,https://www.bilibili.com/video/BV1SrEJ6DEVB?p=6,合集/视频标题含术力口关键词但歌名/歌手无直接证据,
いけないボーダーライン,ワルキューレ,ibaramuan.js,茨むあん,【歌切】[2026-06-05]动漫、术力口很多！初次见面的朋友也请一定来🌟 Muan ch.茨むあん,BV1SrEJ6DEVB,7,2026-06-06 22:33:53,https://www.bilibili.com/video/BV1SrEJ6DEVB?p=7,合集/视频标题含术力口关键词但歌名/歌手无直接证据,
ホタルノヒカリ,いきものがかり,ibaramuan.js,茨むあん,【歌切】[2026-06-05]动漫、术力口很多！初次见面的朋友也请一定来🌟 Muan ch.茨むあん,BV1SrEJ6DEVB,8,2026-06-06 22:33:53,https://www.bilibili.com/video/BV1SrEJ6DEVB?p=8,合集/视频标题含术力口关键词但歌名/歌手无直接证据,
そばかす,JUDY AND MARY,ibaramuan.js,茨むあん,【歌切】[2026-06-05]动漫、术力口很多！初次见面的朋友也请一定来🌟 Muan ch.茨むあん,BV1SrEJ6DEVB,11,2026-06-06 22:33:53,https://www.bilibili.com/video/BV1SrEJ6DEVB?p=11,合集/视频标题含术力口关键词但歌名/歌手无直接证据,
YUME日和,島谷ひとみ,ibaramuan.js,茨むあん,【歌切】[2026-06-05]动漫、术力口很多！初次见面的朋友也请一定来🌟 Muan ch.茨むあん,BV1SrEJ6DEVB,12,2026-06-06 22:33:53,https://www.bilibili.com/video/BV1SrEJ6DEVB?p=12,合集/视频标题含术力口关键词但歌名/歌手无直接证据,
勇者,YOASOBI,ibaramuan.js,茨むあん,【歌切】[2026-06-05]动漫、术力口很多！初次见面的朋友也请一定来🌟 Muan ch.茨むあん,BV1SrEJ6DEVB,15,2026-06-06 22:33:53,https://www.bilibili.com/video/BV1SrEJ6DEVB?p=15,合集/视频标题含术力口关键词但歌名/歌手无直接证据,
百花繚乱,幾田りら,ibaramuan.js,茨むあん,【歌切】[2026-06-05]动漫、术力口很多！初次见面的朋友也请一定来🌟 Muan ch.茨むあん,BV1SrEJ6DEVB,16,2026-06-06 22:33:53,https://www.bilibili.com/video/BV1SrEJ6DEVB?p=16,合集/视频标题含术力口关键词但歌名/歌手无直接证据,
やさしさに包まれたなら,荒井由実,ibaramuan.js,茨むあん,【歌切】[2026-06-05]动漫、术力口很多！初次见面的朋友也请一定来🌟 Muan ch.茨むあん,BV1SrEJ6DEVB,19,2026-06-06 22:33:53,https://www.bilibili.com/video/BV1SrEJ6DEVB?p=19,合集/视频标题含术力口关键词但歌名/歌手无直接证据,
革命道中,アイナ・ジ・エンド,ibaramuan.js,茨むあん,【歌切】[2026-06-05]动漫、术力口很多！初次见面的朋友也请一定来🌟 Muan ch.茨むあん,BV1SrEJ6DEVB,20,2026-06-06 22:33:53,https://www.bilibili.com/video/BV1SrEJ6DEVB?p=20,合集/视频标题含术力口关键词但歌名/歌手无直接证据,
アイドル,YOASOBI,ibaramuan.js,茨むあん,【歌切】[2026-06-05]动漫、术力口很多！初次见面的朋友也请一定来🌟 Muan ch.茨むあん,BV1SrEJ6DEVB,23,2026-06-06 22:33:53,https://www.bilibili.com/video/BV1SrEJ6DEVB?p=23,合集/视频标题含术力口关键词但歌名/歌手无直接证据,
POP IN 2,B小町(ルビー(CV:伊駒ゆりえ)、有馬かな(CV:潘めぐみ)、MEMちょ(CV:大久保瑠美)),ibaramuan.js,茨むあん,【歌切】[2026-06-05]动漫、术力口很多！初次见面的朋友也请一定来🌟 Muan ch.茨むあん,BV1SrEJ6DEVB,24,2026-06-06 22:33:53,https://www.bilibili.com/video/BV1SrEJ6DEVB?p=24,合集/视频标题含术力口关键词但歌名/歌手无直接证据,
ヒトヒラのハナビラ,ステレオポニー,ibaramuan.js,茨むあん,【歌切】[2026-06-05]动漫、术力口很多！初次见面的朋友也请一定来🌟 Muan ch.茨むあん,BV1SrEJ6DEVB,27,2026-06-06 22:33:53,https://www.bilibili.com/video/BV1SrEJ6DEVB?p=27,合集/视频标题含术力口关键词但歌名/歌手无直接证据,
LOSER,米津玄師,ibaramuan.js,茨むあん,【歌切】[2026-06-05]动漫、术力口很多！初次见面的朋友也请一定来🌟 Muan ch.茨むあん,BV1SrEJ6DEVB,28,2026-06-06 22:33:53,https://www.bilibili.com/video/BV1SrEJ6DEVB?p=28,合集/视频标题含术力口关键词但歌名/歌手无直接证据,
廻廻奇譚,Eve,ibaramuan.js,茨むあん,【歌切】[2026-06-05]动漫、术力口很多！初次见面的朋友也请一定来🌟 Muan ch.茨むあん,BV1SrEJ6DEVB,29,2026-06-06 22:33:53,https://www.bilibili.com/video/BV1SrEJ6DEVB?p=29,合集/视频标题含术力口关键词但歌名/歌手无直接证据,
青のすみか,キタニタツヤ,ibaramuan.js,茨むあん,【歌切】[2026-06-05]动漫、术力口很多！初次见面的朋友也请一定来🌟 Muan ch.茨むあん,BV1SrEJ6DEVB,30,2026-06-06 22:33:53,https://www.bilibili.com/video/BV1SrEJ6DEVB?p=30,合集/视频标题含术力口关键词但歌名/歌手无直接证据,
Mela!,緑黄色社会,ibaramuan.js,茨むあん,【歌切】[2026-06-05]动漫、术力口很多！初次见面的朋友也请一定来🌟 Muan ch.茨むあん,BV1SrEJ6DEVB,34,2026-06-06 22:33:53,https://www.bilibili.com/video/BV1SrEJ6DEVB?p=34,合集/视频标题含术力口关键词但歌名/歌手无直接证据,
絶対敵対メチャキライヤー,メドミア,friends.js,联动,🍯🍁联动歌切 2026-06-02 古椿姫 メル ❌ 紅葉丸 搞笑二人组激情开唱超燃术力口歌曲✊🔥,BV1AUVr6ZEpE,1,2026-06-03 04:08:36,https://www.bilibili.com/video/BV1AUVr6ZEpE?p=1,合集/视频标题含术力口关键词但歌名/歌手无直接证据,
月光,はるまきごはん×キタニタツヤ,friends.js,联动,🍯🍁联动歌切 2026-06-02 古椿姫 メル ❌ 紅葉丸 搞笑二人组激情开唱超燃术力口歌曲✊🔥,BV1AUVr6ZEpE,2,2026-06-03 04:08:36,https://www.bilibili.com/video/BV1AUVr6ZEpE?p=2,高重名标题需要显式音源证据 | 合集/视频标题含术力口关键词但歌名/歌手无直接证据,
magnet recall,湊貴大(流星P),friends.js,联动,🍯🍁联动歌切 2026-06-02 古椿姫 メル ❌ 紅葉丸 搞笑二人组激情开唱超燃术力口歌曲✊🔥,BV1AUVr6ZEpE,6,2026-06-03 04:08:36,https://www.bilibili.com/video/BV1AUVr6ZEpE?p=6,合集/视频标题含术力口关键词但歌名/歌手无直接证据,
林檎売りの泡沫少女,yukkedoluce,friends.js,联动,🍯🍁联动歌切 2026-06-02 古椿姫 メル ❌ 紅葉丸 搞笑二人组激情开唱超燃术力口歌曲✊🔥,BV1AUVr6ZEpE,8,2026-06-03 04:08:36,https://www.bilibili.com/video/BV1AUVr6ZEpE?p=8,合集/视频标题含术力口关键词但歌名/歌手无直接证据,
D/N/A,Azari,friends.js,联动,🍯🍁联动歌切 2026-06-02 古椿姫 メル ❌ 紅葉丸 搞笑二人组激情开唱超燃术力口歌曲✊🔥,BV1AUVr6ZEpE,9,2026-06-03 04:08:36,https://www.bilibili.com/video/BV1AUVr6ZEpE?p=9,合集/视频标题含术力口关键词但歌名/歌手无直接证据,
おおかみは赤ずきんに恋をした,ひとしずく×やま△,friends.js,联动,🍯🍁联动歌切 2026-06-02 古椿姫 メル ❌ 紅葉丸 搞笑二人组激情开唱超燃术力口歌曲✊🔥,BV1AUVr6ZEpE,10,2026-06-03 04:08:36,https://www.bilibili.com/video/BV1AUVr6ZEpE?p=10,合集/视频标题含术力口关键词但歌名/歌手无直接证据,
1925,冨田悠斗(とみー/t-pocket),ririsya.js,凛々咲,【🐍歌切】[2026-06-01]术力口歌回 ✧ 唱点令人怀念的术力口曲哦 凛々咲 / Ririsya,BV1dLVZ6sEj5,3,2026-06-01 19:45:46,https://www.bilibili.com/video/BV1dLVZ6sEj5?p=3,合集/视频标题含术力口关键词但歌名/歌手无直接证据,
告白予行練習,HoneyWorks,ririsya.js,凛々咲,【🐍歌切】[2026-06-01]术力口歌回 ✧ 唱点令人怀念的术力口曲哦 凛々咲 / Ririsya,BV1dLVZ6sEj5,8,2026-06-01 19:45:46,https://www.bilibili.com/video/BV1dLVZ6sEj5?p=8,合集/视频标题含术力口关键词但歌名/歌手无直接证据,
ダーリン,須田景凪,others.js,非常驻妹妹,歌切 2026-05-28 鷲羽アスカ 8_rR4hMxknQ 睡眠导入钢琴限定歌回💫来一首怎么样？┊欢迎初见观众,BV1ReVs6AEmk,5,2026-05-29 05:33:19,https://www.bilibili.com/video/BV1ReVs6AEmk?p=5,高重名标题需要显式音源证据,
ダーリン,須田景凪,momijimaru.js,紅葉丸,【🍁歌切】[2026-05-13]早上好呀!! 悠闲杂谈&歌回🍁✨ 紅葉丸チャンネル Momijimaru,BV1sU5S69EHA,4,2026-05-14 10:15:24,https://www.bilibili.com/video/BV1sU5S69EHA?p=4,高重名标题需要显式音源证据,
ガランド,ピコン,figaro.js,Figaro,【💐歌切】[2026-05-01]唱很多术力口歌曲的日子！ Figaro,BV1u6REBgEtH,9,2026-05-02 18:09:43,https://www.bilibili.com/video/BV1u6REBgEtH?p=9,合集/视频标题含术力口关键词但歌名/歌手无直接证据,
ラブ＆デストロイ,ナポリP,figaro.js,Figaro,【💐歌切】[2026-05-01]唱很多术力口歌曲的日子！ Figaro,BV1u6REBgEtH,10,2026-05-02 18:09:43,https://www.bilibili.com/video/BV1u6REBgEtH?p=10,合集/视频标题含术力口关键词但歌名/歌手无直接证据,
ECHO,CIRCRUSH,figaro.js,Figaro,【💐歌切】[2026-05-01]唱很多术力口歌曲的日子！ Figaro,BV1u6REBgEtH,12,2026-05-02 18:09:43,https://www.bilibili.com/video/BV1u6REBgEtH?p=12,曲名需额外证据:ECHO | 合集/视频标题含术力口关键词但歌名/歌手无直接证据,已知术力口曲名:ECHO
ルーマー,ポリスピカデリー,figaro.js,Figaro,【💐歌切】[2026-05-01]唱很多术力口歌曲的日子！ Figaro,BV1u6REBgEtH,17,2026-05-02 18:09:43,https://www.bilibili.com/video/BV1u6REBgEtH?p=17,合集/视频标题含术力口关键词但歌名/歌手无直接证据,
曖昧さ回避,ポリスピカデリー,figaro.js,Figaro,【💐歌切】[2026-05-01]唱很多术力口歌曲的日子！ Figaro,BV1u6REBgEtH,18,2026-05-02 18:09:43,https://www.bilibili.com/video/BV1u6REBgEtH?p=18,合集/视频标题含术力口关键词但歌名/歌手无直接证据,
再会,はるまきごはん,figaro.js,Figaro,【💐歌切】[2026-05-01]唱很多术力口歌曲的日子！ Figaro,BV1u6REBgEtH,19,2026-05-02 18:09:43,https://www.bilibili.com/video/BV1u6REBgEtH?p=19,高重名标题需要显式音源证据 | 合集/视频标题含术力口关键词但歌名/歌手无直接证据,
人間だった,ピコン,figaro.js,Figaro,【💐歌切】[2026-05-01]唱很多术力口歌曲的日子！ Figaro,BV1u6REBgEtH,25,2026-05-02 18:09:43,https://www.bilibili.com/video/BV1u6REBgEtH?p=25,合集/视频标题含术力口关键词但歌名/歌手无直接证据,
〇〇〇〇〇,やいり,figaro.js,Figaro,【💐歌切】[2026-05-01]唱很多术力口歌曲的日子！ Figaro,BV1u6REBgEtH,26,2026-05-02 18:09:43,https://www.bilibili.com/video/BV1u6REBgEtH?p=26,合集/视频标题含术力口关键词但歌名/歌手无直接证据,
波に名前をつけること、僕らの呼吸に終わりがあること。,キタニタツヤ,figaro.js,Figaro,【💐歌切】[2026-05-01]唱很多术力口歌曲的日子！ Figaro,BV1u6REBgEtH,27,2026-05-02 18:09:43,https://www.bilibili.com/video/BV1u6REBgEtH?p=27,合集/视频标题含术力口关键词但歌名/歌手无直接证据,
君が夜の海に還るまで,キタニタツヤ,figaro.js,Figaro,【💐歌切】[2026-05-01]唱很多术力口歌曲的日子！ Figaro,BV1u6REBgEtH,28,2026-05-02 18:09:43,https://www.bilibili.com/video/BV1u6REBgEtH?p=28,合集/视频标题含术力口关键词但歌名/歌手无直接证据,
ダーリン,須田景凪,sumica.js,澄花,【歌切】[2026-04-26]悠悠弹唱来补充能量吧～🔥 -sumica-澄花,BV1gtoiBFE5H,5,2026-04-27 05:03:46,https://www.bilibili.com/video/BV1gtoiBFE5H?p=5,高重名标题需要显式音源证据,
ダーリン,須田景凪,friends.js,联动,联动歌切 2026-04-24 和音门るき的第一次歌曲合作！带来充满力量且帅气的歌曲 Ibuki,BV1ajonBHEsB,7,2026-04-25 03:33:36,https://www.bilibili.com/video/BV1ajonBHEsB?p=7,高重名标题需要显式音源证据,
月光,はるまきごはん×キタニタツヤ,culua.js,CULUA,【歌切】[2026-02-26]太帅了｜Culua′s 精选歌单第24弹 CULUA,BV1uvQ8BaEAZ,8,2026-04-14 01:32:16,https://www.bilibili.com/video/BV1uvQ8BaEAZ?p=8,高重名标题需要显式音源证据,
美人局,是,culua.js,CULUA,【歌切】[2026-04-02]术力口限定歌回 Culua′s 精选歌单第28弹 CULUA,BV1tEQhBAERD,1,2026-04-14 24:41:03,https://www.bilibili.com/video/BV1tEQhBAERD?p=1,合集/视频标题含术力口关键词但歌名/歌手无直接证据,
あとのまつり,Peg,culua.js,CULUA,【歌切】[2026-04-02]术力口限定歌回 Culua′s 精选歌单第28弹 CULUA,BV1tEQhBAERD,2,2026-04-14 24:41:03,https://www.bilibili.com/video/BV1tEQhBAERD?p=2,合集/视频标题含术力口关键词但歌名/歌手无直接证据,
あわよくばきみの眷属になりたいな,Peg,culua.js,CULUA,【歌切】[2026-04-02]术力口限定歌回 Culua′s 精选歌单第28弹 CULUA,BV1tEQhBAERD,3,2026-04-14 24:41:03,https://www.bilibili.com/video/BV1tEQhBAERD?p=3,合集/视频标题含术力口关键词但歌名/歌手无直接证据,
GARBAGE,あめのむらくもP,culua.js,CULUA,【歌切】[2026-04-02]术力口限定歌回 Culua′s 精选歌单第28弹 CULUA,BV1tEQhBAERD,7,2026-04-14 24:41:03,https://www.bilibili.com/video/BV1tEQhBAERD?p=7,合集/视频标题含术力口关键词但歌名/歌手无直接证据,
群青讃歌,Eve,otomoneruki.js,音門るき,【👿歌切】[2026-04-07]作为广播替代的午间歌回📻🎶初次见面的朋友也来听一首如何😈💝 Ruki Otokado 音門るき [VEE],BV1sBDJBdEts,7,2026-04-09 24:47:23,https://www.bilibili.com/video/BV1sBDJBdEts?p=7,曲名需额外证据:群青讃歌,已知术力口曲名:群青讃歌
ダーリン,須田景凪,bv1qa9jb6eaw.js,陽月るるふ,🐺🎀 打卡生日月每日歌回 Day2 陽月るるふ,BV12r9JBeEeB,5,2026-04-02 05:14:38,https://www.bilibili.com/video/BV12r9JBeEeB?p=5,高重名标题需要显式音源证据,
ダーリン,須田景凪,sumica.js,澄花,【歌切】[2026-03-29]中午悠闲听弹唱如何～☀[UD2rGd5ZtNc] 澄花,BV1ttXXBbE3j,4,2026-03-30 11:59:00,https://www.bilibili.com/video/BV1ttXXBbE3j?p=4,高重名标题需要显式音源证据,
QUEEN,LiSA,momijimaru.js,紅葉丸,【🍁歌切】[2026-03-21]反应50万次耐久歌回!!主打暗黑风格曲目💀✨[_eWB8jDRHug] 紅葉丸,BV1zzAAzPEhY,1,2026-03-21 22:48:42,https://www.bilibili.com/video/BV1zzAAzPEhY?p=1,曲名需额外证据:QUEEN,已知术力口曲名:QUEEN
月光,はるまきごはん,ray.js,來-Ray-,【歌切】[2026-03-01]流しめ歌枠1[X0gLxVt9sDg] 來-Ray-,BV1ZAP3z9EX4,2,2026-03-02 05:34:35,https://www.bilibili.com/video/BV1ZAP3z9EX4?p=2,高重名标题需要显式音源证据,
群青讃歌,Eve,otomoneruki.js,音門るき,【音門るき😈歌切】2025-06-07 ~ 2025-09-20,BV1B7f8BbEQm,30,2026-02-26 04:26:43,https://www.bilibili.com/video/BV1B7f8BbEQm?p=30,曲名需额外证据:群青讃歌,已知术力口曲名:群青讃歌
月光,はるまきごはん,ray.js,來-Ray-,來-Ray-  歌切 2025-06-04 ~  2025-11-02,BV1mJZwB8EVa,14,2026-02-17 05:00:00,https://www.bilibili.com/video/BV1mJZwB8EVa?p=14,高重名标题需要显式音源证据,
ドラマツルギー,Eve,naraetan.js,なれたん,[2026-02-10]ボカロ曲縛りで歌うよ💚I’ll be singing Vocaloid songs only[なれたん Naraetan Ch.🌷],BV12uc5ziEQZ,1,2026-02-17 04:20:00,https://www.bilibili.com/video/BV12uc5ziEQZ?p=1,合集/视频标题含术力口关键词但歌名/歌手无直接证据,
スキキライ,HoneyWorks,naraetan.js,なれたん,[2026-02-10]ボカロ曲縛りで歌うよ💚I’ll be singing Vocaloid songs only[なれたん Naraetan Ch.🌷],BV12uc5ziEQZ,7,2026-02-17 04:20:00,https://www.bilibili.com/video/BV12uc5ziEQZ?p=7,合集/视频标题含术力口关键词但歌名/歌手无直接证据,
月光,はるまきごはん,ray.js,來-Ray-,來-Ray-  歌切 2025-11-08 ~  2026-01-18,BV1wUZcBQEBo,88,2026-02-17 24:25:44,https://www.bilibili.com/video/BV1wUZcBQEBo?p=88,高重名标题需要显式音源证据,
月光,はるまきごはん,ray.js,來-Ray-,來-Ray-  歌切 2025-11-08 ~  2026-01-18,BV1wUZcBQEBo,112,2026-02-17 24:25:44,https://www.bilibili.com/video/BV1wUZcBQEBo?p=112,高重名标题需要显式音源证据,
ダーリン,須田景凪,otomoneruki.js,音門るき,[2026-02-14]ラジオ代わりの夜歌枠📻🎶バレンタインだね🍫[up4xSdvumnI][📻🎶音門るき👿⛄VEE 歌切],BV1zzZPBsEum,3,2026-02-16 06:25:56,https://www.bilibili.com/video/BV1zzZPBsEum?p=3,高重名标题需要显式音源证据,
QUEEN,LiSA,others.js,非常驻妹妹,天使 2025-12-01 ~ 2025-12-25 去重 CYBILL,BV1tzcHzFEox,95,2026-02-14 07:57:00,https://www.bilibili.com/video/BV1tzcHzFEox?p=95,曲名需额外证据:QUEEN,已知术力口曲名:QUEEN
ダーリン,須田景凪,otomoneruki.js,音門るき,📻🎶Ruki Otokado 音門るき👿🌙 2025-12-19 ~ 2026-01-30,BV1WRFMzmECA,4,2026-02-03 02:31:54,https://www.bilibili.com/video/BV1WRFMzmECA?p=4,高重名标题需要显式音源证据,
群青讃歌,Eve,otomoneruki.js,音門るき,📻🎶Ruki Otokado 音門るき👿🌙 2025-12-19 ~ 2026-01-30,BV1WRFMzmECA,91,2026-02-03 02:31:54,https://www.bilibili.com/video/BV1WRFMzmECA?p=91,曲名需额外证据:群青讃歌,已知术力口曲名:群青讃歌
ダーリン,バルーン,figaro.js,Figaro,【💐Figaro 歌切】[2026-01-22]明日、新モデルになる人の歌枠 明天有新服装 [x77r1UiOg6Q],BV1wHzABVEaR,5,2026-01-23 04:26:03,https://www.bilibili.com/video/BV1wHzABVEaR?p=5,高重名标题需要显式音源证据,
銭に愛を,sabio,yuri.js,優莉 yuri,【優莉（ゆうり）歌切】[2026-01-22]好きなボカロ曲歌います！ [rjY_6Fj_I3s],BV1uwzcBEEGJ,4,2026-01-23 02:38:45,https://www.bilibili.com/video/BV1uwzcBEEGJ?p=4,合集/视频标题含术力口关键词但歌名/歌手无直接证据,
消えろ,優莉,yuri.js,優莉 yuri,【優莉（ゆうり）歌切】[2026-01-22]好きなボカロ曲歌います！ [rjY_6Fj_I3s],BV1uwzcBEEGJ,5,2026-01-23 02:38:45,https://www.bilibili.com/video/BV1uwzcBEEGJ?p=5,合集/视频标题含术力口关键词但歌名/歌手无直接证据,
残贈,優莉,yuri.js,優莉 yuri,【優莉（ゆうり）歌切】[2026-01-22]好きなボカロ曲歌います！ [rjY_6Fj_I3s],BV1uwzcBEEGJ,6,2026-01-23 02:38:45,https://www.bilibili.com/video/BV1uwzcBEEGJ?p=6,合集/视频标题含术力口关键词但歌名/歌手无直接证据,
星に名前を,優莉,yuri.js,優莉 yuri,【優莉（ゆうり）歌切】[2026-01-22]好きなボカロ曲歌います！ [rjY_6Fj_I3s],BV1uwzcBEEGJ,9,2026-01-23 02:38:45,https://www.bilibili.com/video/BV1uwzcBEEGJ?p=9,合集/视频标题含术力口关键词但歌名/歌手无直接证据,
Enter!,優莉,yuri.js,優莉 yuri,【優莉（ゆうり）歌切】[2026-01-22]好きなボカロ曲歌います！ [rjY_6Fj_I3s],BV1uwzcBEEGJ,10,2026-01-23 02:38:45,https://www.bilibili.com/video/BV1uwzcBEEGJ?p=10,合集/视频标题含术力口关键词但歌名/歌手无直接证据,
paranoia,つなまる(めざめP),MunMosh.js,むんもっしゅ,【🌙🎀 むんもっしゅ 歌切】[2026-01-20]古のボカロを弾き語り🎸[OH7FXW6Y7Qk].mp4,BV13vzJBBEkY,4,2026-01-22 02:40:04,https://www.bilibili.com/video/BV13vzJBBEkY?p=4,合集/视频标题含术力口关键词但歌名/歌手无直接证据,
プラトニック・ラヴ,メル,MunMosh.js,むんもっしゅ,【🌙🎀 むんもっしゅ 歌切】[2026-01-20]古のボカロを弾き語り🎸[OH7FXW6Y7Qk].mp4,BV13vzJBBEkY,7,2026-01-22 02:40:04,https://www.bilibili.com/video/BV13vzJBBEkY?p=7,合集/视频标题含术力口关键词但歌名/歌手无直接证据,
いかないで,想太,MunMosh.js,むんもっしゅ,【🌙🎀 むんもっしゅ 歌切】[2026-01-20]古のボカロを弾き語り🎸[OH7FXW6Y7Qk].mp4,BV13vzJBBEkY,8,2026-01-22 02:40:04,https://www.bilibili.com/video/BV13vzJBBEkY?p=8,合集/视频标题含术力口关键词但歌名/歌手无直接证据,
"rain stops, good-bye",におP,MunMosh.js,むんもっしゅ,【🌙🎀 むんもっしゅ 歌切】[2026-01-20]古のボカロを弾き語り🎸[OH7FXW6Y7Qk].mp4,BV13vzJBBEkY,15,2026-01-22 02:40:04,https://www.bilibili.com/video/BV13vzJBBEkY?p=15,合集/视频标题含术力口关键词但歌名/歌手无直接证据,
ダーリン,須田景凪,suu_usuwa.js,稀羽すう,【🦢稀羽すう-Suu Usuwa-歌切】#131 [2026-01-07] 水曜20時は定期歌枠 まだまだお正月気分でいさせてよ [OY1TjPOLu4I],BV18JimBrEJX,12,2026-01-08 01:40:14,https://www.bilibili.com/video/BV18JimBrEJX?p=12,高重名标题需要显式音源证据,
曖昧さ回避,ポリスピカデリー,figaro.js,Figaro,【💐Figaro 歌切】[2025-12-26]【歌枠】初見さんようこそ～！今日はボカロたくさん歌っちゃお！,BV1LzvvBjEUZ,9,2025-12-28 03:35:22,https://www.bilibili.com/video/BV1LzvvBjEUZ?p=9,合集/视频标题含术力口关键词但歌名/歌手无直接证据,
ムーン,tama,figaro.js,Figaro,【💐Figaro 歌切】[2025-12-26]【歌枠】初見さんようこそ～！今日はボカロたくさん歌っちゃお！,BV1LzvvBjEUZ,14,2025-12-28 03:35:22,https://www.bilibili.com/video/BV1LzvvBjEUZ?p=14,合集/视频标题含术力口关键词但歌名/歌手无直接证据,
7150日,瀬名航,figaro.js,Figaro,【💐Figaro 歌切】[2025-12-26]【歌枠】初見さんようこそ～！今日はボカロたくさん歌っちゃお！,BV1LzvvBjEUZ,15,2025-12-28 03:35:22,https://www.bilibili.com/video/BV1LzvvBjEUZ?p=15,合集/视频标题含术力口关键词但歌名/歌手无直接证据,
鳳仙花,黒澤まどか,figaro.js,Figaro,【💐Figaro 歌切】[2025-12-26]【歌枠】初見さんようこそ～！今日はボカロたくさん歌っちゃお！,BV1LzvvBjEUZ,16,2025-12-28 03:35:22,https://www.bilibili.com/video/BV1LzvvBjEUZ?p=16,合集/视频标题含术力口关键词但歌名/歌手无直接证据,
再会,はるまきごはん,figaro.js,Figaro,【💐Figaro 歌切】[2025-12-26]【歌枠】初見さんようこそ～！今日はボカロたくさん歌っちゃお！,BV1LzvvBjEUZ,19,2025-12-28 03:35:22,https://www.bilibili.com/video/BV1LzvvBjEUZ?p=19,高重名标题需要显式音源证据 | 合集/视频标题含术力口关键词但歌名/歌手无直接证据,
dear...,馬場このみ,suu_usuwa.js,稀羽すう,【稀羽すう - Suu Usuwa -】#130 在可爱的家中3D演唱——啊咧，今天是最后一天？あれ、今日までなんだよね。可憐なおうち3Dで歌う,BV1snqLByEEr,13,2025-12-18 03:00:12,https://www.bilibili.com/video/BV1snqLByEEr?p=13,曲名需额外证据:Dear,已知术力口曲名:Dear
シンデレラ,椿屋四重奏,figaro.js,Figaro,【Figaro】休日のびのびKaraoke Time！ #shorts #vtuber,BV1LN2XBXEGp,14,2025-12-06 22:50:26,https://www.bilibili.com/video/BV1LN2XBXEGp?p=14,曲名需额外证据:シンデレラ,已知术力口曲名:シンデレラ
dear...,馬場このみ,suu_usuwa.js,稀羽すう,【  稀羽すう - Suu Usuwa -】 竖屏 2025年11月21日 歌うしかないんだけれども；/ KARAOKE #shorts #vtuber,BV1FWU4BaEuh,4,2025-11-22 22:50:01,https://www.bilibili.com/video/BV1FWU4BaEuh?p=4,曲名需额外证据:Dear,已知术力口曲名:Dear
dear...,馬場このみ(CV 高橋未奈美),suu_usuwa.js,稀羽すう,【 稀羽すう / Re:AcT 】水曜20時は定期歌枠 #127 树木也渐染秋色呢。木々も色づいてまいりましたね。,BV1ENCLB7E2Y,9,2025-11-15 08:30:58,https://www.bilibili.com/video/BV1ENCLB7E2Y?p=9,曲名需额外证据:Dear,已知术力口曲名:Dear
悪魔の踊り方,キタニタツヤ,figaro.js,Figaro,【Figaro】不输给低气压的 Vocaloid 限定！的安排！ #2025年10月31日,BV1RUyQB2Eve,1,2025-11-02 04:42:54,https://www.bilibili.com/video/BV1RUyQB2Eve?p=1,合集/视频标题含术力口关键词但歌名/歌手无直接证据,
月光,キタニタツヤ × はるまきごはん,figaro.js,Figaro,【Figaro】不输给低气压的 Vocaloid 限定！的安排！ #2025年10月31日,BV1RUyQB2Eve,7,2025-11-02 04:42:54,https://www.bilibili.com/video/BV1RUyQB2Eve?p=7,合集/视频标题含术力口关键词但歌名/歌手无直接证据,
ルーマー,ポリスピカデリー,figaro.js,Figaro,【Figaro】不输给低气压的 Vocaloid 限定！的安排！ #2025年10月31日,BV1RUyQB2Eve,15,2025-11-02 04:42:54,https://www.bilibili.com/video/BV1RUyQB2Eve?p=15,合集/视频标题含术力口关键词但歌名/歌手无直接证据,
人間だった,ピコン,figaro.js,Figaro,【Figaro】不输给低气压的 Vocaloid 限定！的安排！ #2025年10月31日,BV1RUyQB2Eve,19,2025-11-02 04:42:54,https://www.bilibili.com/video/BV1RUyQB2Eve?p=19,合集/视频标题含术力口关键词但歌名/歌手无直接证据,
自傷無色,ササノマリイ,figaro.js,Figaro,【Figaro】不输给低气压的 Vocaloid 限定！的安排！ #2025年10月31日,BV1RUyQB2Eve,20,2025-11-02 04:42:54,https://www.bilibili.com/video/BV1RUyQB2Eve?p=20,合集/视频标题含术力口关键词但歌名/歌手无直接证据,
戯言スピーカー,ササノマリイ,figaro.js,Figaro,【Figaro】不输给低气压的 Vocaloid 限定！的安排！ #2025年10月31日,BV1RUyQB2Eve,21,2025-11-02 04:42:54,https://www.bilibili.com/video/BV1RUyQB2Eve?p=21,合集/视频标题含术力口关键词但歌名/歌手无直接证据,
シンデレラ,椿屋四重奏,figaro.js,Figaro,【 Figaro】平日の睡眠導入は久しぶり Singing Stream🌙,BV19oxizgELc,6,2025-10-09 03:46:44,https://www.bilibili.com/video/BV19oxizgELc?p=6,曲名需额外证据:シンデレラ,已知术力口曲名:シンデレラ
再会,はるまきごはん,figaro.js,Figaro,【#歌枠/#弾き語り 】#237  深夜の初心者弾き語り🎸 Singing Stream🌙 【 Figaro】,BV1DyHczoEkv,9,2025-09-29 10:09:48,https://www.bilibili.com/video/BV1DyHczoEkv?p=9,高重名标题需要显式音源证据,
ダーリン,バルーン,figaro.js,Figaro,【 #歌枠 / #KARAOKE 】リクエストに答えながら！Singing Stream【Figaro / Vtuber】,BV1hGeKzME68,16,2025-08-20 03:42:03,https://www.bilibili.com/video/BV1hGeKzME68?p=16,高重名标题需要显式音源证据,
ECHO,CIRCRUSH,figaro.js,Figaro,【 #歌枠 / #KARAOKE 】リクエストに答えながら！Singing Stream【Figaro / Vtuber】,BV1hGeKzME68,20,2025-08-20 03:42:03,https://www.bilibili.com/video/BV1hGeKzME68?p=20,曲名需额外证据:ECHO,已知术力口曲名:ECHO
ダーリン,バルーン,figaro.js,Figaro,【 #歌枠 / KARAOKE 】夜も暑いので少し涼んでいきません？【Figaro / Vtuber】,BV1tiKrzhEHv,11,2025-06-28 03:27:24,https://www.bilibili.com/video/BV1tiKrzhEHv?p=11,高重名标题需要显式音源证据,
シンデレラ,椿屋四重奏,figaro.js,Figaro,【 #歌枠 karaoke 】低気圧でもほっと一息。夜の歌時間 🎤✨ 【 Figaro #Vtuber 】,BV167MWzqEcX,13,2025-06-12 03:29:17,https://www.bilibili.com/video/BV167MWzqEcX?p=13,曲名需额外证据:シンデレラ,已知术力口曲名:シンデレラ
老人と海,ヨルシカ,figaro.js,Figaro,【Figaro】下午的悠闲全曲风歌枠🎤| J-POP、动漫歌曲、VOCALOID etc.,BV1VhJNzKEow,1,2025-05-18 01:00:00,https://www.bilibili.com/video/BV1VhJNzKEow?p=1,合集/视频标题含术力口关键词但歌名/歌手无直接证据,
詩書きとコーヒー,ヨルシカ,figaro.js,Figaro,【Figaro】下午的悠闲全曲风歌枠🎤| J-POP、动漫歌曲、VOCALOID etc.,BV1VhJNzKEow,2,2025-05-18 01:00:00,https://www.bilibili.com/video/BV1VhJNzKEow?p=2,合集/视频标题含术力口关键词但歌名/歌手无直接证据,
心に穴が空いた,ヨルシカ,figaro.js,Figaro,【Figaro】下午的悠闲全曲风歌枠🎤| J-POP、动漫歌曲、VOCALOID etc.,BV1VhJNzKEow,3,2025-05-18 01:00:00,https://www.bilibili.com/video/BV1VhJNzKEow?p=3,合集/视频标题含术力口关键词但歌名/歌手无直接证据,
GHOST,星街すいせい,figaro.js,Figaro,【Figaro】下午的悠闲全曲风歌枠🎤| J-POP、动漫歌曲、VOCALOID etc.,BV1VhJNzKEow,4,2025-05-18 01:00:00,https://www.bilibili.com/video/BV1VhJNzKEow?p=4,合集/视频标题含术力口关键词但歌名/歌手无直接证据,
花は桜 君は美し,いきものがかり,figaro.js,Figaro,【Figaro】下午的悠闲全曲风歌枠🎤| J-POP、动漫歌曲、VOCALOID etc.,BV1VhJNzKEow,5,2025-05-18 01:00:00,https://www.bilibili.com/video/BV1VhJNzKEow?p=5,合集/视频标题含术力口关键词但歌名/歌手无直接证据,
鬼ノ宴,友成空,figaro.js,Figaro,【Figaro】下午的悠闲全曲风歌枠🎤| J-POP、动漫歌曲、VOCALOID etc.,BV1VhJNzKEow,6,2025-05-18 01:00:00,https://www.bilibili.com/video/BV1VhJNzKEow?p=6,合集/视频标题含术力口关键词但歌名/歌手无直接证据,
"Take Me Home, Country Roads",John Denver,figaro.js,Figaro,【Figaro】下午的悠闲全曲风歌枠🎤| J-POP、动漫歌曲、VOCALOID etc.,BV1VhJNzKEow,7,2025-05-18 01:00:00,https://www.bilibili.com/video/BV1VhJNzKEow?p=7,合集/视频标题含术力口关键词但歌名/歌手无直接证据,
ECHO,CIRCRUSH,figaro.js,Figaro,【Figaro】下午的悠闲全曲风歌枠🎤| J-POP、动漫歌曲、VOCALOID etc.,BV1VhJNzKEow,8,2025-05-18 01:00:00,https://www.bilibili.com/video/BV1VhJNzKEow?p=8,曲名需额外证据:ECHO | 合集/视频标题含术力口关键词但歌名/歌手无直接证据,已知术力口曲名:ECHO
月光,キタニタツヤ × はるまきごはん,figaro.js,Figaro,【Figaro】下午的悠闲全曲风歌枠🎤| J-POP、动漫歌曲、VOCALOID etc.,BV1VhJNzKEow,14,2025-05-18 01:00:00,https://www.bilibili.com/video/BV1VhJNzKEow?p=14,合集/视频标题含术力口关键词但歌名/歌手无直接证据,
ガランド,ピコン,figaro.js,Figaro,【Figaro】下午的悠闲全曲风歌枠🎤| J-POP、动漫歌曲、VOCALOID etc.,BV1VhJNzKEow,17,2025-05-18 01:00:00,https://www.bilibili.com/video/BV1VhJNzKEow?p=17,合集/视频标题含术力口关键词但歌名/歌手无直接证据,
人間だった,ピコン,figaro.js,Figaro,【Figaro】下午的悠闲全曲风歌枠🎤| J-POP、动漫歌曲、VOCALOID etc.,BV1VhJNzKEow,18,2025-05-18 01:00:00,https://www.bilibili.com/video/BV1VhJNzKEow?p=18,合集/视频标题含术力口关键词但歌名/歌手无直接证据,
再会,はるまきごはん,figaro.js,Figaro,【#ココロで歌う歌枠リレー】あなたのココロに寄り添う歌を💐 Karaoke【 Figaro / Vtuber 】,BV1ZZXxYCECP,4,2025-03-22 22:31:35,https://www.bilibili.com/video/BV1ZZXxYCECP?p=4,高重名标题需要显式音源证据,
センチメンタルな愛慕心,なつめ千秋,figaro.js,Figaro,【Figaro】ボカロ歌回！【 歌枠】センチメンタルな愛慕心、ロミオとシンデレラ,BV18EX6YqE1R,1,2025-03-21 10:20:28,https://www.bilibili.com/video/BV18EX6YqE1R?p=1,合集/视频标题含术力口关键词但歌名/歌手无直接证据,
ライカ,yamada,figaro.js,Figaro,【Figaro】ボカロ歌回！【 歌枠】センチメンタルな愛慕心、ロミオとシンデレラ,BV18EX6YqE1R,2,2025-03-21 10:20:28,https://www.bilibili.com/video/BV18EX6YqE1R?p=2,合集/视频标题含术力口关键词但歌名/歌手无直接证据,
翡翠のまち,メル,figaro.js,Figaro,【Figaro】ボカロ歌回！【 歌枠】センチメンタルな愛慕心、ロミオとシンデレラ,BV18EX6YqE1R,4,2025-03-21 10:20:28,https://www.bilibili.com/video/BV18EX6YqE1R?p=4,合集/视频标题含术力口关键词但歌名/歌手无直接证据,
さようなら、花泥棒さん,メル,figaro.js,Figaro,【Figaro】ボカロ歌回！【 歌枠】センチメンタルな愛慕心、ロミオとシンデレラ,BV18EX6YqE1R,5,2025-03-21 10:20:28,https://www.bilibili.com/video/BV18EX6YqE1R?p=5,合集/视频标题含术力口关键词但歌名/歌手无直接证据,
ルーマー,ポリスピカデリー,figaro.js,Figaro,【Figaro】ボカロ歌回！【 歌枠】センチメンタルな愛慕心、ロミオとシンデレラ,BV18EX6YqE1R,13,2025-03-21 10:20:28,https://www.bilibili.com/video/BV18EX6YqE1R?p=13,合集/视频标题含术力口关键词但歌名/歌手无直接证据,
ムーン,tama,figaro.js,Figaro,【Figaro】ボカロ歌回！【 歌枠】センチメンタルな愛慕心、ロミオとシンデレラ,BV18EX6YqE1R,16,2025-03-21 10:20:28,https://www.bilibili.com/video/BV18EX6YqE1R?p=16,合集/视频标题含术力口关键词但歌名/歌手无直接证据,
福寿草,ぐにょ,figaro.js,Figaro,【Figaro】ボカロ歌回！【 歌枠】センチメンタルな愛慕心、ロミオとシンデレラ,BV18EX6YqE1R,17,2025-03-21 10:20:28,https://www.bilibili.com/video/BV18EX6YqE1R?p=17,合集/视频标题含术力口关键词但歌名/歌手无直接证据,
ダーリン,須田景凪,suu_usuwa.js,稀羽すう,【 稀羽すう 】昼下がりにお歌はいかが？ 15 250112,BV1SjcGeCEt1,11,2025-01-13 24:57:12,https://www.bilibili.com/video/BV1SjcGeCEt1?p=11,高重名标题需要显式音源证据,
ライカ,yamada,figaro.js,Figaro,【Figaro】ボカロ限定歌回！ 25 2024年12月18日,BV1p3ktYtEMX,6,2024-12-21 20:51:00,https://www.bilibili.com/video/BV1p3ktYtEMX?p=6,合集/视频标题含术力口关键词但歌名/歌手无直接证据,
スロウダウナー,ろくろ,figaro.js,Figaro,【Figaro】ボカロ限定歌回！ 25 2024年12月18日,BV1p3ktYtEMX,9,2024-12-21 20:51:00,https://www.bilibili.com/video/BV1p3ktYtEMX?p=9,合集/视频标题含术力口关键词但歌名/歌手无直接证据,
カガリビト,millstones,figaro.js,Figaro,【Figaro】ボカロ限定歌回！ 25 2024年12月18日,BV1p3ktYtEMX,12,2024-12-21 20:51:00,https://www.bilibili.com/video/BV1p3ktYtEMX?p=12,合集/视频标题含术力口关键词但歌名/歌手无直接证据,
ルーマー,ポリスピカデリー,figaro.js,Figaro,【Figaro】ボカロ限定歌回！ 25 2024年12月18日,BV1p3ktYtEMX,15,2024-12-21 20:51:00,https://www.bilibili.com/video/BV1p3ktYtEMX?p=15,合集/视频标题含术力口关键词但歌名/歌手无直接证据,
君の脈で踊りたかった,ピコン,figaro.js,Figaro,【Figaro】ボカロ限定歌回！ 25 2024年12月18日,BV1p3ktYtEMX,16,2024-12-21 20:51:00,https://www.bilibili.com/video/BV1p3ktYtEMX?p=16,合集/视频标题含术力口关键词但歌名/歌手无直接证据,
人間だった,ピコン,figaro.js,Figaro,【Figaro】ボカロ限定歌回！ 25 2024年12月18日,BV1p3ktYtEMX,17,2024-12-21 20:51:00,https://www.bilibili.com/video/BV1p3ktYtEMX?p=17,合集/视频标题含术力口关键词但歌名/歌手无直接证据,
約束,はるまきごはん,figaro.js,Figaro,【Figaro】春卷饭专场的翻唱【16【1207,BV1b4izYsE4J,11,2024-12-07 02:30:58,https://www.bilibili.com/video/BV1b4izYsE4J?p=11,高重名标题需要显式音源证据,
秘密,はるまきごはん,figaro.js,Figaro,【Figaro】春卷饭专场的翻唱【16【1207,BV1b4izYsE4J,12,2024-12-07 02:30:58,https://www.bilibili.com/video/BV1b4izYsE4J?p=12,高重名标题需要显式音源证据,
再会,はるまきごはん,figaro.js,Figaro,【Figaro】春卷饭专场的翻唱【16【1207,BV1b4izYsE4J,13,2024-12-07 02:30:58,https://www.bilibili.com/video/BV1b4izYsE4J?p=13,高重名标题需要显式音源证据,
ダーリン,バルーン,figaro.js,Figaro,【Figaro】20】睡眠引导歌枠 #198【2024年11月3日】,BV1bEDxYWEeB,2,2024-11-05 04:24:23,https://www.bilibili.com/video/BV1bEDxYWEeB?p=2,高重名标题需要显式音源证据,
サインはＢ,B小町,yoshika.js,よしか🦍,【YOSHIKA⁂Ch.】17横屏】少见的，全是Vocaloid翻唱~庆祝正式出道的歌回【20241023】,BV1Ns1PYGErx,13,2024-10-24 10:18:53,https://www.bilibili.com/video/BV1Ns1PYGErx?p=13,合集/视频标题含术力口关键词但歌名/歌手无直接证据,
アイドル,YOASOBI,yoshika.js,よしか🦍,【YOSHIKA⁂Ch.】17横屏】少见的，全是Vocaloid翻唱~庆祝正式出道的歌回【20241023】,BV1Ns1PYGErx,14,2024-10-24 10:18:53,https://www.bilibili.com/video/BV1Ns1PYGErx?p=14,合集/视频标题含术力口关键词但歌名/歌手无直接证据,
ダーリン,須田景凪,suu_usuwa.js,稀羽すう,【稀羽すう】14】 🎶 #85青のすみか ダーリン 秒針を噛む【20241023】,BV1Gu1PYpEzi,6,2024-10-24 10:03:32,https://www.bilibili.com/video/BV1Gu1PYpEzi?p=6,高重名标题需要显式音源证据,
JOINT,川田まみ,azki.js,AZKi,AZKi 2026年07月08日22点场 新衣装で歌う～～～！！！J-POP・アニソン・ボカロ Singing Stream,BV1D81dYfEtV,1,2024-10-06 01:12:06,https://www.bilibili.com/video/BV1D81dYfEtV?p=1,合集/视频标题含术力口关键词但歌名/歌手无直接证据,
Take a shot,水樹奈々,azki.js,AZKi,AZKi 2026年07月08日22点场 新衣装で歌う～～～！！！J-POP・アニソン・ボカロ Singing Stream,BV1D81dYfEtV,2,2024-10-06 01:12:06,https://www.bilibili.com/video/BV1D81dYfEtV?p=2,合集/视频标题含术力口关键词但歌名/歌手无直接证据,
First Good-Bye,涼宮ハルヒ(CV.平野綾),azki.js,AZKi,AZKi 2026年07月08日22点场 新衣装で歌う～～～！！！J-POP・アニソン・ボカロ Singing Stream,BV1D81dYfEtV,3,2024-10-06 01:12:06,https://www.bilibili.com/video/BV1D81dYfEtV?p=3,合集/视频标题含术力口关键词但歌名/歌手无直接证据,
ロストシンフォニー,新谷良子,azki.js,AZKi,AZKi 2026年07月08日22点场 新衣装で歌う～～～！！！J-POP・アニソン・ボカロ Singing Stream,BV1D81dYfEtV,4,2024-10-06 01:12:06,https://www.bilibili.com/video/BV1D81dYfEtV?p=4,合集/视频标题含术力口关键词但歌名/歌手无直接证据,
消せない罪,北出菜奈,azki.js,AZKi,AZKi 2026年07月08日22点场 新衣装で歌う～～～！！！J-POP・アニソン・ボカロ Singing Stream,BV1D81dYfEtV,5,2024-10-06 01:12:06,https://www.bilibili.com/video/BV1D81dYfEtV?p=5,合集/视频标题含术力口关键词但歌名/歌手无直接证据,
ebullient future(English),ELISA,azki.js,AZKi,AZKi 2026年07月08日22点场 新衣装で歌う～～～！！！J-POP・アニソン・ボカロ Singing Stream,BV1D81dYfEtV,6,2024-10-06 01:12:06,https://www.bilibili.com/video/BV1D81dYfEtV?p=6,合集/视频标题含术力口关键词但歌名/歌手无直接证据,
futuristic imagination,school food punishment,azki.js,AZKi,AZKi 2026年07月08日22点场 新衣装で歌う～～～！！！J-POP・アニソン・ボカロ Singing Stream,BV1D81dYfEtV,7,2024-10-06 01:12:06,https://www.bilibili.com/video/BV1D81dYfEtV?p=7,合集/视频标题含术力口关键词但歌名/歌手无直接证据,
有心論,RADWIMPS,azki.js,AZKi,AZKi 2026年07月08日22点场 新衣装で歌う～～～！！！J-POP・アニソン・ボカロ Singing Stream,BV1D81dYfEtV,9,2024-10-06 01:12:06,https://www.bilibili.com/video/BV1D81dYfEtV?p=9,合集/视频标题含术力口关键词但歌名/歌手无直接证据,
Paradise Lost,茅原実里,azki.js,AZKi,AZKi 2026年07月08日22点场 新衣装で歌う～～～！！！J-POP・アニソン・ボカロ Singing Stream,BV1D81dYfEtV,10,2024-10-06 01:12:06,https://www.bilibili.com/video/BV1D81dYfEtV?p=10,合集/视频标题含术力口关键词但歌名/歌手无直接证据,
ray,BUMP OF CHICKEN,azki.js,AZKi,AZKi 2026年02月04日22点场 超かぐや姫！が良すぎたので、ボカロ縛りで歌うよおおおおお！！！！！Singing Stream,BV1Sa1dYtEsj,9,2024-10-06 01:11:25,https://www.bilibili.com/video/BV1Sa1dYtEsj?p=9,合集/视频标题含术力口关键词但歌名/歌手无直接证据,
春よ、来い,松任谷由実,azki.js,AZKi,AZKi 2026年03月16日22点场 春に聴きたい曲！歌う～～～！！！J-POP・アニソン・ボカロ Singing Stream,BV1D81dYfEk4,1,2024-10-06 01:11:10,https://www.bilibili.com/video/BV1D81dYfEk4?p=1,合集/视频标题含术力口关键词但歌名/歌手无直接证据,
3月9日,レミオロメン,azki.js,AZKi,AZKi 2026年03月16日22点场 春に聴きたい曲！歌う～～～！！！J-POP・アニソン・ボカロ Singing Stream,BV1D81dYfEk4,2,2024-10-06 01:11:10,https://www.bilibili.com/video/BV1D81dYfEk4?p=2,合集/视频标题含术力口关键词但歌名/歌手无直接证据,
春泥棒,ヨルシカ,azki.js,AZKi,AZKi 2026年03月16日22点场 春に聴きたい曲！歌う～～～！！！J-POP・アニソン・ボカロ Singing Stream,BV1D81dYfEk4,3,2024-10-06 01:11:10,https://www.bilibili.com/video/BV1D81dYfEk4?p=3,合集/视频标题含术力口关键词但歌名/歌手无直接证据,
CLEAR,坂本真綾,azki.js,AZKi,AZKi 2026年03月16日22点场 春に聴きたい曲！歌う～～～！！！J-POP・アニソン・ボカロ Singing Stream,BV1D81dYfEk4,4,2024-10-06 01:11:10,https://www.bilibili.com/video/BV1D81dYfEk4?p=4,合集/视频标题含术力口关键词但歌名/歌手无直接证据,
覚えてていいよ,KOTOKO,azki.js,AZKi,AZKi 2026年03月16日22点场 春に聴きたい曲！歌う～～～！！！J-POP・アニソン・ボカロ Singing Stream,BV1D81dYfEk4,5,2024-10-06 01:11:10,https://www.bilibili.com/video/BV1D81dYfEk4?p=5,合集/视频标题含术力口关键词但歌名/歌手无直接证据,
キライチューン,FREENOTE,azki.js,AZKi,AZKi 2026年03月16日22点场 春に聴きたい曲！歌う～～～！！！J-POP・アニソン・ボカロ Singing Stream,BV1D81dYfEk4,6,2024-10-06 01:11:10,https://www.bilibili.com/video/BV1D81dYfEk4?p=6,合集/视频标题含术力口关键词但歌名/歌手无直接证据,
ホウキ雲,RYTHEM,azki.js,AZKi,AZKi 2026年03月16日22点场 春に聴きたい曲！歌う～～～！！！J-POP・アニソン・ボカロ Singing Stream,BV1D81dYfEk4,7,2024-10-06 01:11:10,https://www.bilibili.com/video/BV1D81dYfEk4?p=7,合集/视频标题含术力口关键词但歌名/歌手无直接证据,
ODD＆ENDS,ryo(supercell),azki.js,AZKi,AZKi 2026年03月16日22点场 春に聴きたい曲！歌う～～～！！！J-POP・アニソン・ボカロ Singing Stream,BV1D81dYfEk4,8,2024-10-06 01:11:10,https://www.bilibili.com/video/BV1D81dYfEk4?p=8,合集/视频标题含术力口关键词但歌名/歌手无直接证据,
さよならメモリーズ,ryo(supercell),azki.js,AZKi,AZKi 2026年03月16日22点场 春に聴きたい曲！歌う～～～！！！J-POP・アニソン・ボカロ Singing Stream,BV1D81dYfEk4,9,2024-10-06 01:11:10,https://www.bilibili.com/video/BV1D81dYfEk4?p=9,合集/视频标题含术力口关键词但歌名/歌手无直接证据,
晴る,ヨルシカ,azki.js,AZKi,AZKi 2026年03月16日22点场 春に聴きたい曲！歌う～～～！！！J-POP・アニソン・ボカロ Singing Stream,BV1D81dYfEk4,10,2024-10-06 01:11:10,https://www.bilibili.com/video/BV1D81dYfEk4?p=10,合集/视频标题含术力口关键词但歌名/歌手无直接证据,
Sincerely,TRUE,azki.js,AZKi,AZKi 2026年03月16日22点场 春に聴きたい曲！歌う～～～！！！J-POP・アニソン・ボカロ Singing Stream,BV1D81dYfEk4,11,2024-10-06 01:11:10,https://www.bilibili.com/video/BV1D81dYfEk4?p=11,合集/视频标题含术力口关键词但歌名/歌手无直接证据,
Astrogation,水樹奈々,azki.js,AZKi,AZKi 2025年02月28日21点场 のーぷらんで歌う～～～！！！アニソン・J-POP・ボカロ・声優ソング / Singing Stream,BV16m19YzE7R,1,2024-10-05 20:51:06,https://www.bilibili.com/video/BV16m19YzE7R?p=1,合集/视频标题含术力口关键词但歌名/歌手无直接证据,
fancy baby doll,田村ゆかり,azki.js,AZKi,AZKi 2025年02月28日21点场 のーぷらんで歌う～～～！！！アニソン・J-POP・ボカロ・声優ソング / Singing Stream,BV16m19YzE7R,2,2024-10-05 20:51:06,https://www.bilibili.com/video/BV16m19YzE7R?p=2,合集/视频标题含术力口关键词但歌名/歌手无直接证据,
なのです☆,羽入(堀江由衣),azki.js,AZKi,AZKi 2025年02月28日21点场 のーぷらんで歌う～～～！！！アニソン・J-POP・ボカロ・声優ソング / Singing Stream,BV16m19YzE7R,3,2024-10-05 20:51:06,https://www.bilibili.com/video/BV16m19YzE7R?p=3,合集/视频标题含术力口关键词但歌名/歌手无直接证据,
ヘミソフィア,坂本真綾,azki.js,AZKi,AZKi 2025年02月28日21点场 のーぷらんで歌う～～～！！！アニソン・J-POP・ボカロ・声優ソング / Singing Stream,BV16m19YzE7R,4,2024-10-05 20:51:06,https://www.bilibili.com/video/BV16m19YzE7R?p=4,合集/视频标题含术力口关键词但歌名/歌手无直接证据,
デート・ア・ライブ,sweet ARMS,azki.js,AZKi,AZKi 2025年02月28日21点场 のーぷらんで歌う～～～！！！アニソン・J-POP・ボカロ・声優ソング / Singing Stream,BV16m19YzE7R,5,2024-10-05 20:51:06,https://www.bilibili.com/video/BV16m19YzE7R?p=5,合集/视频标题含术力口关键词但歌名/歌手无直接证据,
一度だけの恋なら,ワルキューレ,azki.js,AZKi,AZKi 2025年02月28日21点场 のーぷらんで歌う～～～！！！アニソン・J-POP・ボカロ・声優ソング / Singing Stream,BV16m19YzE7R,6,2024-10-05 20:51:06,https://www.bilibili.com/video/BV16m19YzE7R?p=6,合集/视频标题含术力口关键词但歌名/歌手无直接证据,
愛・おぼえていますか,ワルキューレ,azki.js,AZKi,AZKi 2025年02月28日21点场 のーぷらんで歌う～～～！！！アニソン・J-POP・ボカロ・声優ソング / Singing Stream,BV16m19YzE7R,7,2024-10-05 20:51:06,https://www.bilibili.com/video/BV16m19YzE7R?p=7,合集/视频标题含术力口关键词但歌名/歌手无直接证据,
藍二乗,ヨルシカ,azki.js,AZKi,AZKi 2025年02月28日21点场 のーぷらんで歌う～～～！！！アニソン・J-POP・ボカロ・声優ソング / Singing Stream,BV16m19YzE7R,9,2024-10-05 20:51:06,https://www.bilibili.com/video/BV16m19YzE7R?p=9,合集/视频标题含术力口关键词但歌名/歌手无直接证据,
鯨,Buzy,azki.js,AZKi,AZKi 2025年02月28日21点场 のーぷらんで歌う～～～！！！アニソン・J-POP・ボカロ・声優ソング / Singing Stream,BV16m19YzE7R,10,2024-10-05 20:51:06,https://www.bilibili.com/video/BV16m19YzE7R?p=10,合集/视频标题含术力口关键词但歌名/歌手无直接证据,
Avid,SawanoHiroyuki[nZk]:mizuki,azki.js,AZKi,AZKi 2025年11月28日23点场 深夜にしっとり歌います🌙アニソン・J-POP・ボカロ・声優ソング / SINGING STREAM,BV1fu19YvEa3,1,2024-10-05 14:37:17,https://www.bilibili.com/video/BV1fu19YvEa3?p=1,合集/视频标题含术力口关键词但歌名/歌手无直接证据,
ninelie,Aimer with chelly(EGOIST),azki.js,AZKi,AZKi 2025年11月28日23点场 深夜にしっとり歌います🌙アニソン・J-POP・ボカロ・声優ソング / SINGING STREAM,BV1fu19YvEa3,2,2024-10-05 14:37:17,https://www.bilibili.com/video/BV1fu19YvEa3?p=2,合集/视频标题含术力口关键词但歌名/歌手无直接证据,
Planetes,EGOIST,azki.js,AZKi,AZKi 2025年11月28日23点场 深夜にしっとり歌います🌙アニソン・J-POP・ボカロ・声優ソング / SINGING STREAM,BV1fu19YvEa3,3,2024-10-05 14:37:17,https://www.bilibili.com/video/BV1fu19YvEa3?p=3,合集/视频标题含术力口关键词但歌名/歌手无直接证据,
innocent starter,水樹奈々,azki.js,AZKi,AZKi 2025年11月28日23点场 深夜にしっとり歌います🌙アニソン・J-POP・ボカロ・声優ソング / SINGING STREAM,BV1fu19YvEa3,4,2024-10-05 14:37:17,https://www.bilibili.com/video/BV1fu19YvEa3?p=4,合集/视频标题含术力口关键词但歌名/歌手无直接证据,
ヘミソフィア,坂本真綾,azki.js,AZKi,AZKi 2025年11月28日23点场 深夜にしっとり歌います🌙アニソン・J-POP・ボカロ・声優ソング / SINGING STREAM,BV1fu19YvEa3,5,2024-10-05 14:37:17,https://www.bilibili.com/video/BV1fu19YvEa3?p=5,合集/视频标题含术力口关键词但歌名/歌手无直接证据,
たった1つの想い,KOKIA,azki.js,AZKi,AZKi 2025年11月28日23点场 深夜にしっとり歌います🌙アニソン・J-POP・ボカロ・声優ソング / SINGING STREAM,BV1fu19YvEa3,6,2024-10-05 14:37:17,https://www.bilibili.com/video/BV1fu19YvEa3?p=6,合集/视频标题含术力口关键词但歌名/歌手无直接证据,
人間ってそんなものね,KOKIA,azki.js,AZKi,AZKi 2025年11月28日23点场 深夜にしっとり歌います🌙アニソン・J-POP・ボカロ・声優ソング / SINGING STREAM,BV1fu19YvEa3,7,2024-10-05 14:37:17,https://www.bilibili.com/video/BV1fu19YvEa3?p=7,合集/视频标题含术力口关键词但歌名/歌手无直接证据,
アルジャーノン,ヨルシカ,azki.js,AZKi,AZKi 2025年11月28日23点场 深夜にしっとり歌います🌙アニソン・J-POP・ボカロ・声優ソング / SINGING STREAM,BV1fu19YvEa3,9,2024-10-05 14:37:17,https://www.bilibili.com/video/BV1fu19YvEa3?p=9,合集/视频标题含术力口关键词但歌名/歌手无直接证据,
fragile,Every Little Thing,azki.js,AZKi,AZKi 2025年11月28日23点场 深夜にしっとり歌います🌙アニソン・J-POP・ボカロ・声優ソング / SINGING STREAM,BV1fu19YvEa3,10,2024-10-05 14:37:17,https://www.bilibili.com/video/BV1fu19YvEa3?p=10,合集/视频标题含术力口关键词但歌名/歌手无直接证据,
いのちの名前,木村弓,azki.js,AZKi,AZKi 2025年11月28日23点场 深夜にしっとり歌います🌙アニソン・J-POP・ボカロ・声優ソング / SINGING STREAM,BV1fu19YvEa3,11,2024-10-05 14:37:17,https://www.bilibili.com/video/BV1fu19YvEa3?p=11,合集/视频标题含术力口关键词但歌名/歌手无直接证据,
アクアテラリウム,やなぎなぎ,azki.js,AZKi,AZKi 2025年10月04日22点场 しっとり歌います🎤アニソン・J-POP・ボカロ・声優ソング / SINGING STREAM,BV1Z319YPE2f,1,2024-10-05 14:33:19,https://www.bilibili.com/video/BV1Z319YPE2f?p=1,合集/视频标题含术力口关键词但歌名/歌手无直接证据,
プライド～嘆きの旅,AKINO,azki.js,AZKi,AZKi 2025年10月04日22点场 しっとり歌います🎤アニソン・J-POP・ボカロ・声優ソング / SINGING STREAM,BV1Z319YPE2f,2,2024-10-05 14:33:19,https://www.bilibili.com/video/BV1Z319YPE2f?p=2,合集/视频标题含术力口关键词但歌名/歌手无直接证据,
ウンディーネ,牧野由依,azki.js,AZKi,AZKi 2025年10月04日22点场 しっとり歌います🎤アニソン・J-POP・ボカロ・声優ソング / SINGING STREAM,BV1Z319YPE2f,3,2024-10-05 14:33:19,https://www.bilibili.com/video/BV1Z319YPE2f?p=3,合集/视频标题含术力口关键词但歌名/歌手无直接证据,
悪魔の子,ヒグチアイ,azki.js,AZKi,AZKi 2025年10月04日22点场 しっとり歌います🎤アニソン・J-POP・ボカロ・声優ソング / SINGING STREAM,BV1Z319YPE2f,5,2024-10-05 14:33:19,https://www.bilibili.com/video/BV1Z319YPE2f?p=5,合集/视频标题含术力口关键词但歌名/歌手无直接证据,
正しくなれない,ずっと真夜中でいいのに。,azki.js,AZKi,AZKi 2025年10月04日22点场 しっとり歌います🎤アニソン・J-POP・ボカロ・声優ソング / SINGING STREAM,BV1Z319YPE2f,6,2024-10-05 14:33:19,https://www.bilibili.com/video/BV1Z319YPE2f?p=6,合集/视频标题含术力口关键词但歌名/歌手无直接证据,
斜陽,ヨルシカ,azki.js,AZKi,AZKi 2025年10月04日22点场 しっとり歌います🎤アニソン・J-POP・ボカロ・声優ソング / SINGING STREAM,BV1Z319YPE2f,7,2024-10-05 14:33:19,https://www.bilibili.com/video/BV1Z319YPE2f?p=7,合集/视频标题含术力口关键词但歌名/歌手无直接证据,
Departures ～あなたにおくるアイの歌～,EGOIST,azki.js,AZKi,AZKi 2025年10月04日22点场 しっとり歌います🎤アニソン・J-POP・ボカロ・声優ソング / SINGING STREAM,BV1Z319YPE2f,8,2024-10-05 14:33:19,https://www.bilibili.com/video/BV1Z319YPE2f?p=8,合集/视频标题含术力口关键词但歌名/歌手无直接证据,
青い夢,AZKi,azki.js,AZKi,AZKi 2025年10月04日22点场 しっとり歌います🎤アニソン・J-POP・ボカロ・声優ソング / SINGING STREAM,BV1Z319YPE2f,9,2024-10-05 14:33:19,https://www.bilibili.com/video/BV1Z319YPE2f?p=9,合集/视频标题含术力口关键词但歌名/歌手无直接证据,
月光,鬼束ちひろ,azki.js,AZKi,AZKi 2025年10月04日22点场 しっとり歌います🎤アニソン・J-POP・ボカロ・声優ソング / SINGING STREAM,BV1Z319YPE2f,10,2024-10-05 14:33:19,https://www.bilibili.com/video/BV1Z319YPE2f?p=10,合集/视频标题含术力口关键词但歌名/歌手无直接证据,
海色,AKINO from bless4,azki.js,AZKi,AZKi 2025年07月28日20点场 夏曲！夏に聴きたいアニソン・J-POP・ボカロ曲！SUMMER SINGING STREAM,BV1f319YNE8t,1,2024-10-05 14:32:42,https://www.bilibili.com/video/BV1f319YNE8t?p=1,合集/视频标题含术力口关键词但歌名/歌手无直接证据,
High Free Spirits,TrySail,azki.js,AZKi,AZKi 2025年07月28日20点场 夏曲！夏に聴きたいアニソン・J-POP・ボカロ曲！SUMMER SINGING STREAM,BV1f319YNE8t,2,2024-10-05 14:32:42,https://www.bilibili.com/video/BV1f319YNE8t?p=2,合集/视频标题含术力口关键词但歌名/歌手无直接证据,
花に亡霊,ヨルシカ,azki.js,AZKi,AZKi 2025年07月28日20点场 夏曲！夏に聴きたいアニソン・J-POP・ボカロ曲！SUMMER SINGING STREAM,BV1f319YNE8t,5,2024-10-05 14:32:42,https://www.bilibili.com/video/BV1f319YNE8t?p=5,合集/视频标题含术力口关键词但歌名/歌手无直接证据,
海の幽霊,米津玄師,azki.js,AZKi,AZKi 2025年07月28日20点场 夏曲！夏に聴きたいアニソン・J-POP・ボカロ曲！SUMMER SINGING STREAM,BV1f319YNE8t,6,2024-10-05 14:32:42,https://www.bilibili.com/video/BV1f319YNE8t?p=6,合集/视频标题含术力口关键词但歌名/歌手无直接证据,
アクアテラリウム,やなぎなぎ,azki.js,AZKi,AZKi 2025年07月28日20点场 夏曲！夏に聴きたいアニソン・J-POP・ボカロ曲！SUMMER SINGING STREAM,BV1f319YNE8t,7,2024-10-05 14:32:42,https://www.bilibili.com/video/BV1f319YNE8t?p=7,合集/视频标题含术力口关键词但歌名/歌手无直接证据,
うたかた花火,supercell,azki.js,AZKi,AZKi 2025年07月28日20点场 夏曲！夏に聴きたいアニソン・J-POP・ボカロ曲！SUMMER SINGING STREAM,BV1f319YNE8t,8,2024-10-05 14:32:42,https://www.bilibili.com/video/BV1f319YNE8t?p=8,合集/视频标题含术力口关键词但歌名/歌手无直接证据,
"why,or why not",片霧烈火,azki.js,AZKi,AZKi 2025年07月28日20点场 夏曲！夏に聴きたいアニソン・J-POP・ボカロ曲！SUMMER SINGING STREAM,BV1f319YNE8t,9,2024-10-05 14:32:42,https://www.bilibili.com/video/BV1f319YNE8t?p=9,合集/视频标题含术力口关键词但歌名/歌手无直接证据,
SUMMER SONG,YUI,azki.js,AZKi,AZKi 2025年07月28日20点场 夏曲！夏に聴きたいアニソン・J-POP・ボカロ曲！SUMMER SINGING STREAM,BV1f319YNE8t,10,2024-10-05 14:32:42,https://www.bilibili.com/video/BV1f319YNE8t?p=10,合集/视频标题含术力口关键词但歌名/歌手无直接证据,
プラネタリウム,大塚愛,azki.js,AZKi,AZKi 2025年07月28日20点场 夏曲！夏に聴きたいアニソン・J-POP・ボカロ曲！SUMMER SINGING STREAM,BV1f319YNE8t,11,2024-10-05 14:32:42,https://www.bilibili.com/video/BV1f319YNE8t?p=11,合集/视频标题含术力口关键词但歌名/歌手无直接证据,
再会,はるまきごはん,figaro.js,Figaro,【Figaro】23】ヴィーナスとジーザス ワンルーム・オール・ザット・ジャズ 悪魔の踊り方 天球、彗星は夜を跨いで【241004】,BV1Ym1mYLEZj,15,2024-10-05 01:32:27,https://www.bilibili.com/video/BV1Ym1mYLEZj?p=15,高重名标题需要显式音源证据,
ECHO,CIRCRUSH,figaro.js,Figaro,【Figaro】絶頂讃歌、CULT、ドラマツルギー.不定期歌回【240913】,BV1XZt6eYEyQ,9,2024-09-21 12:22:30,https://www.bilibili.com/video/BV1XZt6eYEyQ?p=9,曲名需额外证据:ECHO,已知术力口曲名:ECHO
ダーリン,須田景凪,suu_usuwa.js,稀羽すう,【 稀羽すう】 🎶 #77 少女レイ、fake face dance music 、ダンスホール,BV1MwaXeNEVf,6,2024-08-08 01:39:34,https://www.bilibili.com/video/BV1MwaXeNEVf?p=6,高重名标题需要显式音源证据,
ダーリン,須田景凪,suu_usuwa.js,稀羽すう,【稀羽すう】シンデレラボーイ、Laughter、ダーリン、生きる、またあした【240731】,BV1T1vtezE33,10,2024-08-01 04:01:53,https://www.bilibili.com/video/BV1T1vtezE33?p=10,高重名标题需要显式音源证据,
ダーリン,バルーン,figaro.js,Figaro,【Figaro】17】185 秒針を噛む、忘れじの言の葉、小夜子【240716】,BV1QabaeGE1m,5,2024-07-16 16:58:08,https://www.bilibili.com/video/BV1QabaeGE1m?p=5,高重名标题需要显式音源证据,
いかないで,想太,figaro.js,Figaro,【Figaro 】14】星期三定期歌回17 ボカロ专题【240711】,BV1FJaneYEr1,4,2024-07-11 02:42:05,https://www.bilibili.com/video/BV1FJaneYEr1?p=4,合集/视频标题含术力口关键词但歌名/歌手无直接证据,
"rain stops, good-bye",におP,figaro.js,Figaro,【Figaro 】14】星期三定期歌回17 ボカロ专题【240711】,BV1FJaneYEr1,6,2024-07-11 02:42:05,https://www.bilibili.com/video/BV1FJaneYEr1?p=6,合集/视频标题含术力口关键词但歌名/歌手无直接证据,
ダーリン,須田景凪,suu_usuwa.js,稀羽すう,【 稀羽すう】 #73水曜🎶少女レイ、酔いどれ知らず、裏表ラバーズ,BV1MC31eaEJQ,10,2024-06-27 21:40:28,https://www.bilibili.com/video/BV1MC31eaEJQ?p=10,高重名标题需要显式音源证据,
再会,はるまきごはん,figaro.js,Figaro,【 Figaro】18」突袭的周五！【240510】,BV1xC411j7ps,17,2024-05-11 08:54:51,https://www.bilibili.com/video/BV1xC411j7ps?p=17,高重名标题需要显式音源证据,
ダーリン,バルーン,figaro.js,Figaro,【Figaro】24】突然想唱歌！01. fake face dance music - 音田雅則【240503】,BV1Ym411y75K,4,2024-05-04 01:03:34,https://www.bilibili.com/video/BV1Ym411y75K?p=4,高重名标题需要显式音源证据,
dear...,馬場このみ(CV 高橋未奈美) (★稀羽すう),friends.js,联动,【2K60 3D12】05. dear... / 馬場このみ - 稀羽すう【卡拉ok联动★稀羽すう、♪香鳴ハノン、♥常磐カナメ、♦魔光リサ】,BV1xt421J7QG,5,2024-04-08 22:57:41,https://www.bilibili.com/video/BV1xt421J7QG?p=5,曲名需额外证据:Dear,已知术力口曲名:Dear
ダーリン,須田景凪,suu_usuwa.js,稀羽すう,【 稀羽すう - Suu Usuwa -】【0302】【20首竖屏】路上ライブ風 縦型配信！01. チェリー  スピッツ,BV1gx4y1k7jg,14,2024-03-04 20:05:19,https://www.bilibili.com/video/BV1gx4y1k7jg?p=14,高重名标题需要显式音源证据,
ダーリン,バルーン,figaro.js,Figaro,【17竖屏】【歌枠 / Karaoke】 元気に縦型歌枠！【Figaro】01. ルーマー,BV1ZS421c7BB,8,2024-03-03 19:06:55,https://www.bilibili.com/video/BV1ZS421c7BB?p=8,高重名标题需要显式音源证据,
無理に笑わなくて良いよ,水野あつ,MunMosh.js,むんもっしゅ,【むんもっしゅ切片整合】00917 ウミユリ海底譚  n-buna【2024年1月10日】ボカロ曲を弾き語り,BV1BW4y1w7SL,6,2024-01-18 23:10:43,https://www.bilibili.com/video/BV1BW4y1w7SL?p=6,合集/视频标题含术力口关键词但歌名/歌手无直接证据,
