序号,歌名,作者/原唱,最新链接,最新投稿时间,BVID,分P
1,Tot Musica,Ado,https://www.bilibili.com/video/BV158J56mEVU?p=15,2026-06-12 23:14:28,BV158J56mEVU,15
2,アイ・アイ・ア,Ado,https://www.bilibili.com/video/BV158J56mEVU?p=18,2026-06-12 23:14:28,BV158J56mEVU,18
3,アタシは問題作,Ado,https://www.bilibili.com/video/BV158J56mEVU?p=13,2026-06-12 23:14:28,BV158J56mEVU,13
4,ウタカタララバイ,Ado,https://www.bilibili.com/video/BV158J56mEVU?p=14,2026-06-12 23:14:28,BV158J56mEVU,14
5,うっせぇわ,Ado,https://www.bilibili.com/video/BV158J56mEVU?p=1,2026-06-12 23:14:28,BV158J56mEVU,1
6,ギラギラ,Ado,https://www.bilibili.com/video/BV158J56mEVU?p=4,2026-06-12 23:14:28,BV158J56mEVU,4
7,マザーランド,Ado,https://www.bilibili.com/video/BV158J56mEVU?p=7,2026-06-12 23:14:28,BV158J56mEVU,7
8,ラッキー・ブルート,Ado,https://www.bilibili.com/video/BV158J56mEVU?p=8,2026-06-12 23:14:28,BV158J56mEVU,8
9,リベリオン,Ado,https://www.bilibili.com/video/BV158J56mEVU?p=10,2026-06-12 23:14:28,BV158J56mEVU,10
10,ルル,Ado,https://www.bilibili.com/video/BV158J56mEVU?p=9,2026-06-12 23:14:28,BV158J56mEVU,9
11,レディメイド,Ado,https://www.bilibili.com/video/BV158J56mEVU?p=3,2026-06-12 23:14:28,BV158J56mEVU,3
12,ロックスター,Ado,https://www.bilibili.com/video/BV158J56mEVU?p=11,2026-06-12 23:14:28,BV158J56mEVU,11
13,阿修羅ちゃん,Ado,https://www.bilibili.com/video/BV158J56mEVU?p=12,2026-06-12 23:14:28,BV158J56mEVU,12
14,永遠のあくる日,Ado,https://www.bilibili.com/video/BV158J56mEVU?p=5,2026-06-12 23:14:28,BV158J56mEVU,5
15,逆光,Ado,https://www.bilibili.com/video/BV158J56mEVU?p=16,2026-06-12 23:14:28,BV158J56mEVU,16
16,唱,Ado,https://www.bilibili.com/video/BV158J56mEVU?p=17,2026-06-12 23:14:28,BV158J56mEVU,17
17,夜のピエロ,Ado,https://www.bilibili.com/video/BV158J56mEVU?p=6,2026-06-12 23:14:28,BV158J56mEVU,6
18,踊,Ado,https://www.bilibili.com/video/BV158J56mEVU?p=2,2026-06-12 23:14:28,BV158J56mEVU,2
19,あぶく,ヨルシカ,https://www.bilibili.com/video/BV1V8E66SEVn?p=8,2026-06-12 04:18:46,BV1V8E66SEVn,8
20,だから僕は音楽を辞めた,ヨルシカ,https://www.bilibili.com/video/BV1V8E66SEVn?p=9,2026-06-12 04:18:46,BV1V8E66SEVn,9
21,ただ君に晴れ,ヨルシカ,https://www.bilibili.com/video/BV1V8E66SEVn?p=1,2026-06-12 04:18:46,BV1V8E66SEVn,1
22,ヒッチコック,ヨルシカ,https://www.bilibili.com/video/BV1V8E66SEVn?p=2,2026-06-12 04:18:46,BV1V8E66SEVn,2
23,雨とカプチーノ,ヨルシカ,https://www.bilibili.com/video/BV1V8E66SEVn?p=6,2026-06-12 04:18:46,BV1V8E66SEVn,6
24,雲と幽霊,ヨルシカ,https://www.bilibili.com/video/BV1V8E66SEVn?p=5,2026-06-12 04:18:46,BV1V8E66SEVn,5
25,花に亡霊,ヨルシカ,https://www.bilibili.com/video/BV1V8E66SEVn?p=4,2026-06-12 04:18:46,BV1V8E66SEVn,4
26,言って。,ヨルシカ,https://www.bilibili.com/video/BV1V8E66SEVn?p=3,2026-06-12 04:18:46,BV1V8E66SEVn,3
27,晴る,ヨルシカ,https://www.bilibili.com/video/BV1V8E66SEVn?p=10,2026-06-12 04:18:46,BV1V8E66SEVn,10
28,美しい鰭,スピッツ,https://www.bilibili.com/video/BV1V8E66SEVn?p=11,2026-06-12 04:18:46,BV1V8E66SEVn,11
29,忘れてください,ヨルシカ,https://www.bilibili.com/video/BV1V8E66SEVn?p=7,2026-06-12 04:18:46,BV1V8E66SEVn,7
30,あの娘シークレット,Eve,https://www.bilibili.com/video/BV1BKEo6gEXF?p=2,2026-06-11 03:25:26,BV1BKEo6gEXF,2
31,インタビュア,クワガタP feat. 巡音ルカ,https://www.bilibili.com/video/BV1BKEo6gEXF?p=1,2026-06-11 03:25:26,BV1BKEo6gEXF,1
32,ずうっといっしょ！,キタニタツヤ,https://www.bilibili.com/video/BV1BKEo6gEXF?p=3,2026-06-11 03:25:26,BV1BKEo6gEXF,3
33,ファタール,GEMN,https://www.bilibili.com/video/BV1BKEo6gEXF?p=4,2026-06-11 03:25:26,BV1BKEo6gEXF,4
34,銀河鉄道999,ゴダイゴ,https://www.bilibili.com/video/BV1BKEo6gEXF?p=5,2026-06-11 03:25:26,BV1BKEo6gEXF,5
35,新宝島,サカナクション,https://www.bilibili.com/video/BV1BKEo6gEXF?p=7,2026-06-11 03:25:26,BV1BKEo6gEXF,7
36,IRIS OUT,米津玄師,https://www.bilibili.com/video/BV1eFEU6GEe6?p=11,2026-06-10 04:02:17,BV1eFEU6GEe6,11
37,LOSER,米津玄師,https://www.bilibili.com/video/BV1eFEU6GEe6?p=9,2026-06-10 04:02:17,BV1eFEU6GEe6,9
38,PLATONIC GIRL,みきとP feat. GUMI,https://www.bilibili.com/video/BV1eFEU6GEe6?p=8,2026-06-10 04:02:17,BV1eFEU6GEe6,8
39,ゴーストルール,DECO*27 feat. 初音ミク,https://www.bilibili.com/video/BV1eFEU6GEe6?p=2,2026-06-10 04:02:17,BV1eFEU6GEe6,2
40,セレナーデ,なとり,https://www.bilibili.com/video/BV1eFEU6GEe6?p=4,2026-06-10 04:02:17,BV1eFEU6GEe6,4
41,ナンセンス,Penthouse,https://www.bilibili.com/video/BV1eFEU6GEe6?p=7,2026-06-10 04:02:17,BV1eFEU6GEe6,7
42,フィクサー,ぬゆり feat. flower,https://www.bilibili.com/video/BV1eFEU6GEe6?p=5,2026-06-10 04:02:17,BV1eFEU6GEe6,5
43,ロキ,みきとP feat. 鏡音リン,https://www.bilibili.com/video/BV1eFEU6GEe6?p=13,2026-06-10 04:02:17,BV1eFEU6GEe6,13
44,ワールズエンド・ダンスホール,wowaka feat. 初音ミク,https://www.bilibili.com/video/BV1eFEU6GEe6?p=3,2026-06-10 04:02:17,BV1eFEU6GEe6,3
45,一旦ステイ TONIGHT,不破湊,https://www.bilibili.com/video/BV1eFEU6GEe6?p=12,2026-06-10 04:02:17,BV1eFEU6GEe6,12
46,一二三,Penthouse,https://www.bilibili.com/video/BV1eFEU6GEe6?p=6,2026-06-10 04:02:17,BV1eFEU6GEe6,6
47,乙女解剖,DECO*27 feat. 初音ミク,https://www.bilibili.com/video/BV1eFEU6GEe6?p=10,2026-06-10 04:02:17,BV1eFEU6GEe6,10
48,夜咄ディセイブ,じん feat. IA,https://www.bilibili.com/video/BV1eFEU6GEe6?p=1,2026-06-10 04:02:17,BV1eFEU6GEe6,1
49,Bad ∞ End ∞ Night,ひとしずくP×やま△ feat. 初音ミク・鏡音リン・鏡音レン・巡音ルカ・KAITO・MEIKO・GUMI・神威,https://www.bilibili.com/video/BV1upEa6pE5A?p=24,2026-06-08 04:46:37,BV1upEa6pE5A,24
50,BRAIN,Kanaria,https://www.bilibili.com/video/BV1upEa6pE5A?p=6,2026-06-08 04:46:37,BV1upEa6pE5A,6
51,D/N/A,Azari feat. 重音テト・flower,https://www.bilibili.com/video/BV1upEa6pE5A?p=34,2026-06-08 04:46:37,BV1upEa6pE5A,34
52,EYE,Kanaria feat. GUMI,https://www.bilibili.com/video/BV1upEa6pE5A?p=7,2026-06-08 04:46:37,BV1upEa6pE5A,7
53,KING,Kanaria feat. GUMI,https://www.bilibili.com/video/BV1upEa6pE5A?p=4,2026-06-08 04:46:37,BV1upEa6pE5A,4
54,MIRA,Kanaria feat. 小春六花,https://www.bilibili.com/video/BV1upEa6pE5A?p=8,2026-06-08 04:46:37,BV1upEa6pE5A,8
55,p.h.,SEVENTHLINKS feat. v flower,https://www.bilibili.com/video/BV1upEa6pE5A?p=33,2026-06-08 04:46:37,BV1upEa6pE5A,33
56,アイロニ,すこっぷ feat. 初音ミク,https://www.bilibili.com/video/BV1upEa6pE5A?p=48,2026-06-08 04:46:37,BV1upEa6pE5A,48
57,アノニマスファンフアレ,ツミキ feat. GUMI,https://www.bilibili.com/video/BV1upEa6pE5A?p=44,2026-06-08 04:46:37,BV1upEa6pE5A,44
58,エウレカ,柊キライ feat. flower,https://www.bilibili.com/video/BV1upEa6pE5A?p=32,2026-06-08 04:46:37,BV1upEa6pE5A,32
59,エンジェルフィッシュ,Nem feat. 鏡音レン,https://www.bilibili.com/video/BV1upEa6pE5A?p=45,2026-06-08 04:46:37,BV1upEa6pE5A,45
60,エンドロール,夏代孝明,https://www.bilibili.com/video/BV1upEa6pE5A?p=42,2026-06-08 04:46:37,BV1upEa6pE5A,42
61,カートゥーンガール,Kanaria feat. GUMI,https://www.bilibili.com/video/BV1upEa6pE5A?p=9,2026-06-08 04:46:37,BV1upEa6pE5A,9
62,カーニバルハッピー,かいりきベア feat. 初音ミク,https://www.bilibili.com/video/BV1upEa6pE5A?p=31,2026-06-08 04:46:37,BV1upEa6pE5A,31
63,きゅうくらりん,いよわ feat. 可不,https://www.bilibili.com/video/BV1upEa6pE5A?p=29,2026-06-08 04:46:37,BV1upEa6pE5A,29
64,さよならだけが人生だ,伊東歌詞太郎 feat. 初音ミク,https://www.bilibili.com/video/BV1upEa6pE5A?p=49,2026-06-08 04:46:37,BV1upEa6pE5A,49
65,サンドリヨン（Cendrillon）,Dios/シグナルP feat. 初音ミク・KAITO,https://www.bilibili.com/video/BV1upEa6pE5A?p=21,2026-06-08 04:46:37,BV1upEa6pE5A,21
66,シザーハンズ,Nem feat. 初音ミク,https://www.bilibili.com/video/BV1upEa6pE5A?p=46,2026-06-08 04:46:37,BV1upEa6pE5A,46
67,ジブラ,すりぃ feat. 可不,https://www.bilibili.com/video/BV1upEa6pE5A?p=12,2026-06-08 04:46:37,BV1upEa6pE5A,12
68,シャルル,バルーン feat. flower,https://www.bilibili.com/video/BV1upEa6pE5A?p=1,2026-06-08 04:46:37,BV1upEa6pE5A,1
69,ジャンキーナイトタウンオーケストラ,すりぃ feat. 鏡音レン,https://www.bilibili.com/video/BV1upEa6pE5A?p=10,2026-06-08 04:46:37,BV1upEa6pE5A,10
70,ダウナーウィッチ,廉 feat. 初音ミク,https://www.bilibili.com/video/BV1upEa6pE5A?p=30,2026-06-08 04:46:37,BV1upEa6pE5A,30
71,テトリス,柊マグネタイト feat. 重音テトSV,https://www.bilibili.com/video/BV1upEa6pE5A?p=39,2026-06-08 04:46:37,BV1upEa6pE5A,39
72,ドーナツホール,ハチ feat. GUMI,https://www.bilibili.com/video/BV1upEa6pE5A?p=23,2026-06-08 04:46:37,BV1upEa6pE5A,23
73,ノイローゼ,蜂屋ななし feat. v flower,https://www.bilibili.com/video/BV1upEa6pE5A?p=43,2026-06-08 04:46:37,BV1upEa6pE5A,43
74,ビーバー,すりぃ feat. 初音ミク,https://www.bilibili.com/video/BV1upEa6pE5A?p=13,2026-06-08 04:46:37,BV1upEa6pE5A,13
75,ひゅ〜どろどろ,栗山夕璃 feat. 初音ミク・MEIKO,https://www.bilibili.com/video/BV1upEa6pE5A?p=38,2026-06-08 04:46:37,BV1upEa6pE5A,38
76,フィラデルフィア,wotaku feat. フリモメン,https://www.bilibili.com/video/BV1upEa6pE5A?p=35,2026-06-08 04:46:37,BV1upEa6pE5A,35
77,マトリョシカ,ハチ feat. 初音ミク・GUMI,https://www.bilibili.com/video/BV1upEa6pE5A?p=22,2026-06-08 04:46:37,BV1upEa6pE5A,22
78,メーベル,バルーン feat. flower,https://www.bilibili.com/video/BV1upEa6pE5A?p=3,2026-06-08 04:46:37,BV1upEa6pE5A,3
79,メリーゴーランド,ねこまんま feat. 初音ミク,https://www.bilibili.com/video/BV1upEa6pE5A?p=26,2026-06-08 04:46:37,BV1upEa6pE5A,26
80,メルト,ryo(supercell) feat. 初音ミク,https://www.bilibili.com/video/BV1upEa6pE5A?p=16,2026-06-08 04:46:37,BV1upEa6pE5A,16
81,ラヴィ,すりぃ feat. 鏡音レン,https://www.bilibili.com/video/BV1upEa6pE5A?p=11,2026-06-08 04:46:37,BV1upEa6pE5A,11
82,ラブカ？,柊キライ feat. v flower,https://www.bilibili.com/video/BV1upEa6pE5A?p=41,2026-06-08 04:46:37,BV1upEa6pE5A,41
83,ルーム No.4,超学生,https://www.bilibili.com/video/BV1upEa6pE5A?p=14,2026-06-08 04:46:37,BV1upEa6pE5A,14
84,雨とペトラ,バルーン feat. flower,https://www.bilibili.com/video/BV1upEa6pE5A?p=2,2026-06-08 04:46:37,BV1upEa6pE5A,2
85,我儘姫,ふじを feat. 初音ミク,https://www.bilibili.com/video/BV1upEa6pE5A?p=25,2026-06-08 04:46:37,BV1upEa6pE5A,25
86,混沌ブギ,jon-YAKITORY feat. 初音ミク,https://www.bilibili.com/video/BV1upEa6pE5A?p=37,2026-06-08 04:46:37,BV1upEa6pE5A,37
87,世界の真ん中を歩く,夏代孝明 feat. 初音ミク,https://www.bilibili.com/video/BV1upEa6pE5A?p=50,2026-06-08 04:46:37,BV1upEa6pE5A,50
88,千本桜,黒うさP feat. 初音ミク,https://www.bilibili.com/video/BV1upEa6pE5A?p=17,2026-06-08 04:46:37,BV1upEa6pE5A,17
89,全部夢だった！,黒うさぎ feat. 重音テト,https://www.bilibili.com/video/BV1upEa6pE5A?p=36,2026-06-08 04:46:37,BV1upEa6pE5A,36
90,誰も知らないハッピーエンド,40mP feat. VOCALOID Fukase,https://www.bilibili.com/video/BV1upEa6pE5A?p=40,2026-06-08 04:46:37,BV1upEa6pE5A,40
91,地球最後の告白を,kemu feat. GUMI,https://www.bilibili.com/video/BV1upEa6pE5A?p=20,2026-06-08 04:46:37,BV1upEa6pE5A,20
92,独りんぼエンヴィー,koyori(電ポルP) feat. 初音ミク,https://www.bilibili.com/video/BV1upEa6pE5A?p=15,2026-06-08 04:46:37,BV1upEa6pE5A,15
93,敗北の少年,kemu feat. GUMI,https://www.bilibili.com/video/BV1upEa6pE5A?p=19,2026-06-08 04:46:37,BV1upEa6pE5A,19
94,腐れ外道とチョコレゐト,ピノキオピー feat. 初音ミク,https://www.bilibili.com/video/BV1upEa6pE5A?p=27,2026-06-08 04:46:37,BV1upEa6pE5A,27
95,魔法少女とチョコレゐト,ピノキオピー feat. 初音ミク,https://www.bilibili.com/video/BV1upEa6pE5A?p=28,2026-06-08 04:46:37,BV1upEa6pE5A,28
96,蜜月アン・ドゥ・トロワ,DATEKEN feat. 鏡音リン,https://www.bilibili.com/video/BV1upEa6pE5A?p=47,2026-06-08 04:46:37,BV1upEa6pE5A,47
97,六兆年と一夜物語,kemu feat. IA,https://www.bilibili.com/video/BV1upEa6pE5A?p=18,2026-06-08 04:46:37,BV1upEa6pE5A,18
98,Blessing,halyosy feat. 初音ミク・鏡音リン・鏡音レン・巡音ルカ・KAITO・MEIKO,https://www.bilibili.com/video/BV1aEEn6xEP7?p=11,2026-06-06 19:41:56,BV1aEEn6xEP7,11
99,アイドルでよかった。,mona(CV:夏川椎菜) feat. HoneyWorks,https://www.bilibili.com/video/BV1aEEn6xEP7?p=15,2026-06-06 19:41:56,BV1aEEn6xEP7,15
100,アイネクライネ,米津玄師,https://www.bilibili.com/video/BV1aEEn6xEP7?p=2,2026-06-06 19:41:56,BV1aEEn6xEP7,2
101,ありがとう,いきものがかり,https://www.bilibili.com/video/BV1aEEn6xEP7?p=16,2026-06-06 19:41:56,BV1aEEn6xEP7,16
102,オーダーメイド,傘村トータ feat. VOCALOIDs,https://www.bilibili.com/video/BV1aEEn6xEP7?p=10,2026-06-06 19:41:56,BV1aEEn6xEP7,10
103,ぎゅっと。,もさを。,https://www.bilibili.com/video/BV1aEEn6xEP7?p=9,2026-06-06 19:41:56,BV1aEEn6xEP7,9
104,トドカナイカラ,平井堅,https://www.bilibili.com/video/BV1aEEn6xEP7?p=5,2026-06-06 19:41:56,BV1aEEn6xEP7,5
105,メトロノーム,米津玄師,https://www.bilibili.com/video/BV1aEEn6xEP7?p=3,2026-06-06 19:41:56,BV1aEEn6xEP7,3
106,喜劇,星野源,https://www.bilibili.com/video/BV1aEEn6xEP7?p=1,2026-06-06 19:41:56,BV1aEEn6xEP7,1
107,空の青さを知る人よ,あいみょん,https://www.bilibili.com/video/BV1aEEn6xEP7?p=6,2026-06-06 19:41:56,BV1aEEn6xEP7,6
108,月が綺麗,岩見拓馬,https://www.bilibili.com/video/BV1aEEn6xEP7?p=4,2026-06-06 19:41:56,BV1aEEn6xEP7,4
109,好きすぎて滅！,M!LK,https://www.bilibili.com/video/BV1aEEn6xEP7?p=12,2026-06-06 19:41:56,BV1aEEn6xEP7,12
110,私が明日死ぬなら,キタニタツヤ,https://www.bilibili.com/video/BV1aEEn6xEP7?p=7,2026-06-06 19:41:56,BV1aEEn6xEP7,7
111,想いを伝えて,木村聡子・小森創介・ミュージッククリエイション・MCキッズ・フレーベル少年合唱団,https://www.bilibili.com/video/BV1aEEn6xEP7?p=13,2026-06-06 19:41:56,BV1aEEn6xEP7,13
112,魔法って言っていいかな？,平井堅,https://www.bilibili.com/video/BV1aEEn6xEP7?p=14,2026-06-06 19:41:56,BV1aEEn6xEP7,14
113,命に嫌われている。,カンザキイオリ feat. 初音ミク,https://www.bilibili.com/video/BV1aEEn6xEP7?p=8,2026-06-06 19:41:56,BV1aEEn6xEP7,8
114,JANE DOE,米津玄師、宇多田ヒカル,https://www.bilibili.com/video/BV1ooEP6sEn3?p=10,2026-06-05 05:28:53,BV1ooEP6sEn3,10
115,くたばれPTA,梨本P feat. 初音ミク,https://www.bilibili.com/video/BV1ooEP6sEn3?p=7,2026-06-05 05:28:53,BV1ooEP6sEn3,7
116,クラクラ,Ado,https://www.bilibili.com/video/BV1ooEP6sEn3?p=16,2026-06-05 05:28:53,BV1ooEP6sEn3,16
117,パンダヒーロー,ハチ feat. GUMI,https://www.bilibili.com/video/BV1ooEP6sEn3?p=8,2026-06-05 05:28:53,BV1ooEP6sEn3,8
118,ミックスナッツ,Official髭男dism,https://www.bilibili.com/video/BV1ooEP6sEn3?p=15,2026-06-05 05:28:53,BV1ooEP6sEn3,15
119,モニタリング,DECO*27 feat. 初音ミク,https://www.bilibili.com/video/BV1ooEP6sEn3?p=13,2026-06-05 05:28:53,BV1ooEP6sEn3,13
120,モニタリング (Best Friend Remix),DECO*27 feat. 初音ミク,https://www.bilibili.com/video/BV1ooEP6sEn3?p=14,2026-06-05 05:28:53,BV1ooEP6sEn3,14
121,ヤンキーボーイ・ヤンキーガール,トーマ feat. GUMI,https://www.bilibili.com/video/BV1ooEP6sEn3?p=6,2026-06-05 05:28:53,BV1ooEP6sEn3,6
122,空想フォレスト,じん feat. IA,https://www.bilibili.com/video/BV1ooEP6sEn3?p=1,2026-06-05 05:28:53,BV1ooEP6sEn3,1
123,失想ワアド,じん feat. 初音ミク,https://www.bilibili.com/video/BV1ooEP6sEn3?p=3,2026-06-05 05:28:53,BV1ooEP6sEn3,3
124,如月アテンション,じん feat. IA,https://www.bilibili.com/video/BV1ooEP6sEn3?p=2,2026-06-05 05:28:53,BV1ooEP6sEn3,2
125,爆笑,syudou feat. 初音ミク,https://www.bilibili.com/video/BV1ooEP6sEn3?p=11,2026-06-05 05:28:53,BV1ooEP6sEn3,11
126,夕景イエスタデイ,じん feat. IA,https://www.bilibili.com/video/BV1ooEP6sEn3?p=4,2026-06-05 05:28:53,BV1ooEP6sEn3,4
127,SUN,星野源,https://www.bilibili.com/video/BV1PUVr6ZEv2?p=3,2026-06-03 04:07:33,BV1PUVr6ZEv2,3
128,だれかの心臓になれたなら,ユリイ・カノン feat. GUMI,https://www.bilibili.com/video/BV1PUVr6ZEv2?p=2,2026-06-03 04:07:33,BV1PUVr6ZEv2,2
129,ドクター＝ファンクビート,nyanyannya feat. KAITO,https://www.bilibili.com/video/BV1PUVr6ZEv2?p=8,2026-06-03 04:07:33,BV1PUVr6ZEv2,8
130,ドラえもん,星野源,https://www.bilibili.com/video/BV1PUVr6ZEv2?p=4,2026-06-03 04:07:33,BV1PUVr6ZEv2,4
131,むげんのチケット,まらしぃ feat. 初音ミク・KAITO,https://www.bilibili.com/video/BV1PUVr6ZEv2?p=6,2026-06-03 04:07:33,BV1PUVr6ZEv2,6
132,花瓶に触れた,バルーン feat. v flower,https://www.bilibili.com/video/BV1PUVr6ZEv2?p=1,2026-06-03 04:07:33,BV1PUVr6ZEv2,1
133,Cry Baby,Official髭男dism,https://www.bilibili.com/video/BV1PW5c62Ene?p=5,2026-06-02 04:36:39,BV1PW5c62Ene,5
134,Lemon,米津玄師,https://www.bilibili.com/video/BV1PW5c62Ene?p=7,2026-06-02 04:36:39,BV1PW5c62Ene,7
135,Minute by Minute,Penthouse,https://www.bilibili.com/video/BV1PW5c62Ene?p=9,2026-06-02 04:36:39,BV1PW5c62Ene,9
136,RAIN,SEKAI NO OWARI,https://www.bilibili.com/video/BV1PW5c62Ene?p=1,2026-06-02 04:36:39,BV1PW5c62Ene,1
137,TRAIN-TRAIN,THE BLUE HEARTS,https://www.bilibili.com/video/BV1PW5c62Ene?p=14,2026-06-02 04:36:39,BV1PW5c62Ene,14
138,さよならエレジー,菅田将暉,https://www.bilibili.com/video/BV1PW5c62Ene?p=13,2026-06-02 04:36:39,BV1PW5c62Ene,13
139,フィナーレ。,eill,https://www.bilibili.com/video/BV1PW5c62Ene?p=15,2026-06-02 04:36:39,BV1PW5c62Ene,15
140,やっぱり雨は降るんだね,ツユ,https://www.bilibili.com/video/BV1PW5c62Ene?p=11,2026-06-02 04:36:39,BV1PW5c62Ene,11
141,レディーレ,バルーン feat. flower,https://www.bilibili.com/video/BV1PW5c62Ene?p=3,2026-06-02 04:36:39,BV1PW5c62Ene,3
142,雨き声残響,Orangestar feat. IA,https://www.bilibili.com/video/BV1PW5c62Ene?p=10,2026-06-02 04:36:39,BV1PW5c62Ene,10
143,紡ぐ,とた,https://www.bilibili.com/video/BV1PW5c62Ene?p=8,2026-06-02 04:36:39,BV1PW5c62Ene,8
144,夕立のりぼん,みきとP feat. MAYU,https://www.bilibili.com/video/BV1PW5c62Ene?p=6,2026-06-02 04:36:39,BV1PW5c62Ene,6
145,Arrietty's Song,Cécile Corbel,https://www.bilibili.com/video/BV1fjVD66Ew3?p=1,2026-06-01 02:12:52,BV1fjVD66Ew3,1
146,Fly Me to the Moon,Frank Sinatra,https://www.bilibili.com/video/BV1fjVD66Ew3?p=3,2026-06-01 02:12:52,BV1fjVD66Ew3,3
147,アヤノの幸福理論,じん feat. IA,https://www.bilibili.com/video/BV1fjVD66Ew3?p=19,2026-06-01 02:12:52,BV1fjVD66Ew3,19
148,すずめ,RADWIMPS feat. 十明,https://www.bilibili.com/video/BV1fjVD66Ew3?p=7,2026-06-01 02:12:52,BV1fjVD66Ew3,7
149,スパークル,RADWIMPS,https://www.bilibili.com/video/BV1fjVD66Ew3?p=17,2026-06-01 02:12:52,BV1fjVD66Ew3,17
150,テルーの唄,手嶌葵,https://www.bilibili.com/video/BV1fjVD66Ew3?p=4,2026-06-01 02:12:52,BV1fjVD66Ew3,4
151,なんでもないや,RADWIMPS,https://www.bilibili.com/video/BV1fjVD66Ew3?p=18,2026-06-01 02:12:52,BV1fjVD66Ew3,18
152,フリージア,Uru,https://www.bilibili.com/video/BV1fjVD66Ew3?p=12,2026-06-01 02:12:52,BV1fjVD66Ew3,12
153,やさしさに包まれたなら,荒井由実,https://www.bilibili.com/video/BV1fjVD66Ew3?p=6,2026-06-01 02:12:52,BV1fjVD66Ew3,6
154,海の幽霊,米津玄師,https://www.bilibili.com/video/BV1fjVD66Ew3?p=11,2026-06-01 02:12:52,BV1fjVD66Ew3,11
155,君をのせて,井上あずみ,https://www.bilibili.com/video/BV1fjVD66Ew3?p=10,2026-06-01 02:12:52,BV1fjVD66Ew3,10
156,月のワルツ,諫山実生,https://www.bilibili.com/video/BV1fjVD66Ew3?p=2,2026-06-01 02:12:52,BV1fjVD66Ew3,2
157,時には昔の話を,加藤登紀子,https://www.bilibili.com/video/BV1fjVD66Ew3?p=5,2026-06-01 02:12:52,BV1fjVD66Ew3,5
158,心のそばに,Belle,https://www.bilibili.com/video/BV1fjVD66Ew3?p=15,2026-06-01 02:12:52,BV1fjVD66Ew3,15
159,世界の約束,倍賞千恵子,https://www.bilibili.com/video/BV1fjVD66Ew3?p=16,2026-06-01 02:12:52,BV1fjVD66Ew3,16
160,星屑ビーナス,Aimer,https://www.bilibili.com/video/BV1fjVD66Ew3?p=8,2026-06-01 02:12:52,BV1fjVD66Ew3,8
161,風のとおり道,井上あずみ,https://www.bilibili.com/video/BV1fjVD66Ew3?p=9,2026-06-01 02:12:52,BV1fjVD66Ew3,9
162,変わらないもの,奥華子,https://www.bilibili.com/video/BV1fjVD66Ew3?p=13,2026-06-01 02:12:52,BV1fjVD66Ew3,13
163,忘れじの言の葉,未来古代楽団 feat. 安次嶺希和子,https://www.bilibili.com/video/BV1fjVD66Ew3?p=14,2026-06-01 02:12:52,BV1fjVD66Ew3,14
164,CITRUS,Da-iCE,https://www.bilibili.com/video/BV1uBVu6LEaf?p=12,2026-05-30 05:59:34,BV1uBVu6LEaf,12
165,Make you hot!,あたたかくなる,https://www.bilibili.com/video/BV1uBVu6LEaf?p=13,2026-05-30 05:59:34,BV1uBVu6LEaf,13
166,アンチジョーカー,マイキP feat. 初音ミク,https://www.bilibili.com/video/BV1uBVu6LEaf?p=5,2026-05-30 05:59:34,BV1uBVu6LEaf,5
167,エンジョイ,めいちゃん,https://www.bilibili.com/video/BV1uBVu6LEaf?p=9,2026-05-30 05:59:34,BV1uBVu6LEaf,9
168,㋰責任集合体,マサラダ feat. 重音テトSV,https://www.bilibili.com/video/BV1uBVu6LEaf?p=7,2026-05-30 05:59:34,BV1uBVu6LEaf,7
169,ラフ・メイカー,BUMP OF CHICKEN,https://www.bilibili.com/video/BV1uBVu6LEaf?p=2,2026-05-30 05:59:34,BV1uBVu6LEaf,2
170,火種,キタニタツヤ,https://www.bilibili.com/video/BV1uBVu6LEaf?p=4,2026-05-30 05:59:34,BV1uBVu6LEaf,4
171,太陽系デスコ,ナユタン星人 feat. 初音ミク,https://www.bilibili.com/video/BV1uBVu6LEaf?p=1,2026-05-30 05:59:34,BV1uBVu6LEaf,1
172,物の怪の類,めいちゃん,https://www.bilibili.com/video/BV1uBVu6LEaf?p=6,2026-05-30 05:59:34,BV1uBVu6LEaf,6
173,明日の私に幸あれ,ナナヲアカリ,https://www.bilibili.com/video/BV1uBVu6LEaf?p=10,2026-05-30 05:59:34,BV1uBVu6LEaf,10
174,366日,HY,https://www.bilibili.com/video/BV1mSVp65EH7?p=15,2026-05-29 01:16:46,BV1mSVp65EH7,15
175,Calc.,ジミーサムP feat. 初音ミク,https://www.bilibili.com/video/BV1mSVp65EH7?p=14,2026-05-29 01:16:46,BV1mSVp65EH7,14
176,サイコ,超学生,https://www.bilibili.com/video/BV1mSVp65EH7?p=11,2026-05-29 01:16:46,BV1mSVp65EH7,11
177,さよならミッドナイト,大柴広己,https://www.bilibili.com/video/BV1mSVp65EH7?p=16,2026-05-29 01:16:46,BV1mSVp65EH7,16
178,プロポーズ,なとり,https://www.bilibili.com/video/BV1mSVp65EH7?p=9,2026-05-29 01:16:46,BV1mSVp65EH7,9
179,花,藤井風,https://www.bilibili.com/video/BV1mSVp65EH7?p=13,2026-05-29 01:16:46,BV1mSVp65EH7,13
180,丸ノ内サディスティック,椎名林檎,https://www.bilibili.com/video/BV1mSVp65EH7?p=12,2026-05-29 01:16:46,BV1mSVp65EH7,12
181,気分上々↑↑,mihimaru GT,https://www.bilibili.com/video/BV1mSVp65EH7?p=4,2026-05-29 01:16:46,BV1mSVp65EH7,4
182,月光,キタニタツヤ × はるまきごはん,https://www.bilibili.com/video/BV1mSVp65EH7?p=8,2026-05-29 01:16:46,BV1mSVp65EH7,8
183,絶え間なく藍色,獅子志司 feat. 初音ミク,https://www.bilibili.com/video/BV1mSVp65EH7?p=10,2026-05-29 01:16:46,BV1mSVp65EH7,10
184,妄想感傷代償連盟,DECO*27 feat. 初音ミク,https://www.bilibili.com/video/BV1mSVp65EH7?p=2,2026-05-29 01:16:46,BV1mSVp65EH7,2
185,夜に駆ける,YOASOBI,https://www.bilibili.com/video/BV1mSVp65EH7?p=7,2026-05-29 01:16:46,BV1mSVp65EH7,7
186,踊り子,Vaundy,https://www.bilibili.com/video/BV1mSVp65EH7?p=1,2026-05-29 01:16:46,BV1mSVp65EH7,1
187,De Lu Lu,VOLTACTION,https://www.bilibili.com/video/BV1ftGD6uEVD?p=2,2026-05-28 03:18:00,BV1ftGD6uEVD,2
188,lulu.,Mrs. GREEN APPLE,https://www.bilibili.com/video/BV1ftGD6uEVD?p=5,2026-05-28 03:18:00,BV1ftGD6uEVD,5
189,Virtual to LIVE,にじさんじ,https://www.bilibili.com/video/BV1ftGD6uEVD?p=1,2026-05-28 03:18:00,BV1ftGD6uEVD,1
190,ビビデバ,星街すいせい,https://www.bilibili.com/video/BV1ftGD6uEVD?p=3,2026-05-28 03:18:00,BV1ftGD6uEVD,3
191,ライラック,Mrs. GREEN APPLE,https://www.bilibili.com/video/BV1ftGD6uEVD?p=4,2026-05-28 03:18:00,BV1ftGD6uEVD,4
192,我愛你,Penthouse,https://www.bilibili.com/video/BV1ftGD6uEVD?p=8,2026-05-28 03:18:00,BV1ftGD6uEVD,8
193,No Logic,ジミーサムP feat. 巡音ルカ,https://www.bilibili.com/video/BV1oFVM6HEtV?p=12,2026-05-27 00:48:19,BV1oFVM6HEtV,12
194,テレキャスタービーボーイ,すりぃ feat. 鏡音レン,https://www.bilibili.com/video/BV1oFVM6HEtV?p=4,2026-05-27 00:48:19,BV1oFVM6HEtV,4
195,なにやってもうまくいかない,meiyo,https://www.bilibili.com/video/BV1oFVM6HEtV?p=13,2026-05-27 00:48:19,BV1oFVM6HEtV,13
196,ハッピーラッキーチャッピー,ano,https://www.bilibili.com/video/BV1oFVM6HEtV?p=10,2026-05-27 00:48:19,BV1oFVM6HEtV,10
197,フィラメントフィーバー,栗山夕璃 feat. 初音ミク・MEIKO,https://www.bilibili.com/video/BV1oFVM6HEtV?p=7,2026-05-27 00:48:19,BV1oFVM6HEtV,7
198,春を待つ,Islet feat. 倚水,https://www.bilibili.com/video/BV1oFVM6HEtV?p=2,2026-05-27 00:48:19,BV1oFVM6HEtV,2
199,食虫植物,理芽,https://www.bilibili.com/video/BV1oFVM6HEtV?p=9,2026-05-27 00:48:19,BV1oFVM6HEtV,9
200,神っぽいな,ピノキオピー feat. 初音ミク,https://www.bilibili.com/video/BV1oFVM6HEtV?p=11,2026-05-27 00:48:19,BV1oFVM6HEtV,11
201,Laughter,Official髭男dism,https://www.bilibili.com/video/BV1gdGi6REZz?p=5,2026-05-23 15:34:56,BV1gdGi6REZz,5
202,イカロス,GReeeeN,https://www.bilibili.com/video/BV1gdGi6REZz?p=13,2026-05-23 15:34:56,BV1gdGi6REZz,13
203,かいしんのいちげき！,天月-あまつき-,https://www.bilibili.com/video/BV1gdGi6REZz?p=6,2026-05-23 15:34:56,BV1gdGi6REZz,6
204,サマータイムレコード,じん feat. IA,https://www.bilibili.com/video/BV1gdGi6REZz?p=4,2026-05-23 15:34:56,BV1gdGi6REZz,4
205,シルエット,KANA-BOON,https://www.bilibili.com/video/BV1gdGi6REZz?p=10,2026-05-23 15:34:56,BV1gdGi6REZz,10
206,貴方解剖純愛歌 ～死ね～,あいみょん,https://www.bilibili.com/video/BV1gdGi6REZz?p=9,2026-05-23 15:34:56,BV1gdGi6REZz,9
207,金曜日のおはよう,HoneyWorks feat. GUMI,https://www.bilibili.com/video/BV1gdGi6REZz?p=3,2026-05-23 15:34:56,BV1gdGi6REZz,3
208,君に届け,flumpool,https://www.bilibili.com/video/BV1gdGi6REZz?p=12,2026-05-23 15:34:56,BV1gdGi6REZz,12
209,小さな恋のうた,MONGOL800,https://www.bilibili.com/video/BV1gdGi6REZz?p=8,2026-05-23 15:34:56,BV1gdGi6REZz,8
210,青と夏,Mrs. GREEN APPLE,https://www.bilibili.com/video/BV1gdGi6REZz?p=7,2026-05-23 15:34:56,BV1gdGi6REZz,7
211,青春アミーゴ,修二と彰,https://www.bilibili.com/video/BV1gdGi6REZz?p=2,2026-05-23 15:34:56,BV1gdGi6REZz,2
212,明日も,SHISHAMO,https://www.bilibili.com/video/BV1gdGi6REZz?p=11,2026-05-23 15:34:56,BV1gdGi6REZz,11
213,Defying Gravity,Idina Menzel、Kristin Chenoweth,https://www.bilibili.com/video/BV1gcLv6WESZ?p=17,2026-05-22 06:48:20,BV1gcLv6WESZ,17
214,アラビアン・ナイト,山寺宏一,https://www.bilibili.com/video/BV1gcLv6WESZ?p=4,2026-05-22 06:48:20,BV1gcLv6WESZ,4
215,アンダー・ザ・シー,上條恒彦,https://www.bilibili.com/video/BV1gcLv6WESZ?p=1,2026-05-22 06:48:20,BV1gcLv6WESZ,1
216,コンパス・オブ・ユア・ハート,坂元健児,https://www.bilibili.com/video/BV1gcLv6WESZ?p=12,2026-05-22 06:48:20,BV1gcLv6WESZ,12
217,スピーチレス～心の声,木下晴香,https://www.bilibili.com/video/BV1gcLv6WESZ?p=7,2026-05-22 06:48:20,BV1gcLv6WESZ,7
218,そばにいて,小西のりゆき、根本泰彦,https://www.bilibili.com/video/BV1gcLv6WESZ?p=20,2026-05-22 06:48:20,BV1gcLv6WESZ,20
219,どこまでも ~How Far I'll Go~,屋比久知奈,https://www.bilibili.com/video/BV1gcLv6WESZ?p=10,2026-05-22 06:48:20,BV1gcLv6WESZ,10
220,パート・オブ・ユア・ワールド,すずきまゆみ,https://www.bilibili.com/video/BV1gcLv6WESZ?p=8,2026-05-22 06:48:20,BV1gcLv6WESZ,8
221,ハクナ・マタタ,三ツ矢雄二、小林アトム、宮本充、中崎達也,https://www.bilibili.com/video/BV1gcLv6WESZ?p=16,2026-05-22 06:48:20,BV1gcLv6WESZ,16
222,ひとりぼっちの晩餐会,ポプラ・若江準威知・コーラス,https://www.bilibili.com/video/BV1gcLv6WESZ?p=3,2026-05-22 06:48:20,BV1gcLv6WESZ,3
223,フレンド・ライク・ミー,山寺宏一,https://www.bilibili.com/video/BV1gcLv6WESZ?p=5,2026-05-22 06:48:20,BV1gcLv6WESZ,5
224,ホール・ニュー・ワールド,石井一孝・麻生かほ里,https://www.bilibili.com/video/BV1gcLv6WESZ?p=6,2026-05-22 06:48:20,BV1gcLv6WESZ,6
225,哀れな人々,森公美子,https://www.bilibili.com/video/BV1gcLv6WESZ?p=9,2026-05-22 06:48:20,BV1gcLv6WESZ,9
226,叶えたいこの夢を,鈴木より子,https://www.bilibili.com/video/BV1gcLv6WESZ?p=19,2026-05-22 06:48:20,BV1gcLv6WESZ,19
227,君がいないと,石塚英彦、田中裕二,https://www.bilibili.com/video/BV1gcLv6WESZ?p=14,2026-05-22 06:48:20,BV1gcLv6WESZ,14
228,君はともだち,ダイアモンド☆ユカイ,https://www.bilibili.com/video/BV1gcLv6WESZ?p=15,2026-05-22 06:48:20,BV1gcLv6WESZ,15
229,生まれてはじめて,神田沙也加、松たか子,https://www.bilibili.com/video/BV1gcLv6WESZ?p=13,2026-05-22 06:48:20,BV1gcLv6WESZ,13
230,朝の風景,伊東恵里,https://www.bilibili.com/video/BV1gcLv6WESZ?p=2,2026-05-22 06:48:20,BV1gcLv6WESZ,2
231,魔法の花,小此木麻里,https://www.bilibili.com/video/BV1gcLv6WESZ?p=11,2026-05-22 06:48:20,BV1gcLv6WESZ,11
232,夢はひそかに,鈴木より子,https://www.bilibili.com/video/BV1gcLv6WESZ?p=18,2026-05-22 06:48:20,BV1gcLv6WESZ,18
233,シャリューゲ,*Luna feat. 音街ウナ・Rana,https://www.bilibili.com/video/BV1oTLs6BEA5?p=7,2026-05-21 04:37:14,BV1oTLs6BEA5,7
234,デイブレイクフロントライン,Orangestar feat. IA,https://www.bilibili.com/video/BV1oTLs6BEA5?p=6,2026-05-21 04:37:14,BV1oTLs6BEA5,6
235,季節と私の話。,めいちゃん,https://www.bilibili.com/video/BV1oTLs6BEA5?p=4,2026-05-21 04:37:14,BV1oTLs6BEA5,4
236,私は最強,Ado,https://www.bilibili.com/video/BV1oTLs6BEA5?p=5,2026-05-21 04:37:14,BV1oTLs6BEA5,5
237,青く在れ,Penthouse,https://www.bilibili.com/video/BV1oTLs6BEA5?p=11,2026-05-21 04:37:14,BV1oTLs6BEA5,11
238,閃光花,Penthouse,https://www.bilibili.com/video/BV1oTLs6BEA5?p=12,2026-05-21 04:37:14,BV1oTLs6BEA5,12
239,I LOVE YOU,尾崎豊,https://www.bilibili.com/video/BV1K5LN6AE2X?p=17,2026-05-19 10:59:00,BV1K5LN6AE2X,17
240,あたしが死んでも,コレサワ,https://www.bilibili.com/video/BV1K5LN6AE2X?p=10,2026-05-19 10:59:00,BV1K5LN6AE2X,10
241,カブトムシ,aiko,https://www.bilibili.com/video/BV1K5LN6AE2X?p=7,2026-05-19 10:59:00,BV1K5LN6AE2X,7
242,シンデレラボーイ,Saucy Dog,https://www.bilibili.com/video/BV1K5LN6AE2X?p=9,2026-05-19 10:59:00,BV1K5LN6AE2X,9
243,ラプンツェル,n-buna feat. 初音ミク,https://www.bilibili.com/video/BV1K5LN6AE2X?p=4,2026-05-19 10:59:00,BV1K5LN6AE2X,4
244,花束,back number,https://www.bilibili.com/video/BV1K5LN6AE2X?p=8,2026-05-19 10:59:00,BV1K5LN6AE2X,8
245,自由への扉,小此木麻里,https://www.bilibili.com/video/BV1K5LN6AE2X?p=5,2026-05-19 10:59:00,BV1K5LN6AE2X,5
246,上を向いて歩こう,坂本九,https://www.bilibili.com/video/BV1K5LN6AE2X?p=16,2026-05-19 10:59:00,BV1K5LN6AE2X,16
247,島人ぬ宝,BEGIN,https://www.bilibili.com/video/BV1K5LN6AE2X?p=3,2026-05-19 10:59:00,BV1K5LN6AE2X,3
248,片っぽ,eill,https://www.bilibili.com/video/BV1K5LN6AE2X?p=21,2026-05-19 10:59:00,BV1K5LN6AE2X,21
249,夜もすがら君想ふ,西沢さんP feat. GUMI,https://www.bilibili.com/video/BV1K5LN6AE2X?p=12,2026-05-19 10:59:00,BV1K5LN6AE2X,12
250,翼をください,赤い鳥,https://www.bilibili.com/video/BV1K5LN6AE2X?p=1,2026-05-19 10:59:00,BV1K5LN6AE2X,1
251,flos,R Sound Design feat. 初音ミク,https://www.bilibili.com/video/BV1Qb5o6SEkZ?p=38,2026-05-18 04:50:18,BV1Qb5o6SEkZ,38
252,GALA,XG,https://www.bilibili.com/video/BV1Qb5o6SEkZ?p=30,2026-05-18 04:50:18,BV1Qb5o6SEkZ,30
253,アスノヨゾラ哨戒班,Orangestar feat. IA,https://www.bilibili.com/video/BV1Qb5o6SEkZ?p=26,2026-05-18 04:50:18,BV1Qb5o6SEkZ,26
254,イージーゲーム,natsumi feat. 和ぬか,https://www.bilibili.com/video/BV1Qb5o6SEkZ?p=2,2026-05-18 04:50:18,BV1Qb5o6SEkZ,2
255,クスシキ,Mrs. GREEN APPLE,https://www.bilibili.com/video/BV1Qb5o6SEkZ?p=13,2026-05-18 04:50:18,BV1Qb5o6SEkZ,13
256,けっかおーらい,こっちのけんと,https://www.bilibili.com/video/BV1Qb5o6SEkZ?p=17,2026-05-18 04:50:18,BV1Qb5o6SEkZ,17
257,すみれ色の紅,紅葉丸,https://www.bilibili.com/video/BV1Qb5o6SEkZ?p=41,2026-05-18 04:50:18,BV1Qb5o6SEkZ,41
258,ダンスホール,Mrs. GREEN APPLE,https://www.bilibili.com/video/BV1Qb5o6SEkZ?p=40,2026-05-18 04:50:18,BV1Qb5o6SEkZ,40
259,チャイナアドバイス,相対性理論,https://www.bilibili.com/video/BV1Qb5o6SEkZ?p=20,2026-05-18 04:50:18,BV1Qb5o6SEkZ,20
260,ちゅ、多様性。,ano,https://www.bilibili.com/video/BV1Qb5o6SEkZ?p=19,2026-05-18 04:50:18,BV1Qb5o6SEkZ,19
261,ともに,WANIMA,https://www.bilibili.com/video/BV1Qb5o6SEkZ?p=36,2026-05-18 04:50:18,BV1Qb5o6SEkZ,36
262,はいよろこんで,こっちのけんと,https://www.bilibili.com/video/BV1Qb5o6SEkZ?p=16,2026-05-18 04:50:18,BV1Qb5o6SEkZ,16
263,マシュマロ,DECO*27 feat. 初音ミク,https://www.bilibili.com/video/BV1Qb5o6SEkZ?p=33,2026-05-18 04:50:18,BV1Qb5o6SEkZ,33
264,ヨワネハキ,"MAISONdes feat. 和ぬか, asmi",https://www.bilibili.com/video/BV1Qb5o6SEkZ?p=3,2026-05-18 04:50:18,BV1Qb5o6SEkZ,3
265,一難,Penthouse,https://www.bilibili.com/video/BV1Qb5o6SEkZ?p=24,2026-05-18 04:50:18,BV1Qb5o6SEkZ,24
266,夏祭り,Whiteberry,https://www.bilibili.com/video/BV1Qb5o6SEkZ?p=10,2026-05-18 04:50:18,BV1Qb5o6SEkZ,10
267,花になって,緑黄色社会,https://www.bilibili.com/video/BV1Qb5o6SEkZ?p=14,2026-05-18 04:50:18,BV1Qb5o6SEkZ,14
268,鬼ノ宴,友成空,https://www.bilibili.com/video/BV1Qb5o6SEkZ?p=11,2026-05-18 04:50:18,BV1Qb5o6SEkZ,11
269,祭り囃子でゲラゲラポー,キング・クリームソーダ,https://www.bilibili.com/video/BV1Qb5o6SEkZ?p=9,2026-05-18 04:50:18,BV1Qb5o6SEkZ,9
270,死ぬな！,こっちのけんと,https://www.bilibili.com/video/BV1Qb5o6SEkZ?p=15,2026-05-18 04:50:18,BV1Qb5o6SEkZ,15
271,少女レイ,みきとP feat. 初音ミク,https://www.bilibili.com/video/BV1Qb5o6SEkZ?p=5,2026-05-18 04:50:18,BV1Qb5o6SEkZ,5
272,絶頂讃歌,和ぬか,https://www.bilibili.com/video/BV1Qb5o6SEkZ?p=7,2026-05-18 04:50:18,BV1Qb5o6SEkZ,7
273,百鬼祭,Kanaria feat. 初音ミク,https://www.bilibili.com/video/BV1Qb5o6SEkZ?p=8,2026-05-18 04:50:18,BV1Qb5o6SEkZ,8
274,懺悔参り,羽生まゐご feat. v flower,https://www.bilibili.com/video/BV1Qb5o6SEkZ?p=6,2026-05-18 04:50:18,BV1Qb5o6SEkZ,6
275,睨めっ娘,友成空,https://www.bilibili.com/video/BV1Qb5o6SEkZ?p=12,2026-05-18 04:50:18,BV1Qb5o6SEkZ,12
276,Butter-Fly,和田光司,https://www.bilibili.com/video/BV12A5B6RE51?p=1,2026-05-16 04:14:41,BV12A5B6RE51,1
277,Mad at Disney,salem ilese,https://www.bilibili.com/video/BV12A5B6RE51?p=12,2026-05-16 04:14:41,BV12A5B6RE51,12
278,ヴァンパイア,DECO*27 feat. 初音ミク,https://www.bilibili.com/video/BV12A5B6RE51?p=6,2026-05-16 04:14:41,BV12A5B6RE51,6
279,ゴシップ,OSTER project feat. 初音ミクAppend,https://www.bilibili.com/video/BV12A5B6RE51?p=9,2026-05-16 04:14:41,BV12A5B6RE51,9
280,サンドリヨン,Dios/シグナルP feat. 初音ミク・KAITO,https://www.bilibili.com/video/BV12A5B6RE51?p=10,2026-05-16 04:14:41,BV12A5B6RE51,10
281,シル・ヴ・プレジデント,P丸様。,https://www.bilibili.com/video/BV12A5B6RE51?p=5,2026-05-16 04:14:41,BV12A5B6RE51,5
282,デビルマンのうた,十田敬三、ボーカル・ショップ,https://www.bilibili.com/video/BV12A5B6RE51?p=3,2026-05-16 04:14:41,BV12A5B6RE51,3
283,ペガサス幻想,MAKE-UP,https://www.bilibili.com/video/BV12A5B6RE51?p=2,2026-05-16 04:14:41,BV12A5B6RE51,2
284,ルパン三世のテーマ,ピート・マック・ジュニア,https://www.bilibili.com/video/BV12A5B6RE51?p=11,2026-05-16 04:14:41,BV12A5B6RE51,11
285,レット・イット・ゴー～ありのままで～,松たか子,https://www.bilibili.com/video/BV12A5B6RE51?p=4,2026-05-16 04:14:41,BV12A5B6RE51,4
286,幾億光年,Omoinotake,https://www.bilibili.com/video/BV12A5B6RE51?p=15,2026-05-16 04:14:41,BV12A5B6RE51,15
287,死神,米津玄師,https://www.bilibili.com/video/BV12A5B6RE51?p=7,2026-05-16 04:14:41,BV12A5B6RE51,7
288,オー・シャンゼリゼ,ピーター,https://www.bilibili.com/video/BV1sU5S69EHA?p=1,2026-05-14 10:15:24,BV1sU5S69EHA,1
289,ケセラセラ,Mrs. GREEN APPLE,https://www.bilibili.com/video/BV1sU5S69EHA?p=7,2026-05-14 10:15:24,BV1sU5S69EHA,7
290,ダーリン,須田景凪,https://www.bilibili.com/video/BV1sU5S69EHA?p=4,2026-05-14 10:15:24,BV1sU5S69EHA,4
291,人として,SUPER BEAVER,https://www.bilibili.com/video/BV1sU5S69EHA?p=3,2026-05-14 10:15:24,BV1sU5S69EHA,3
292,ヴィラン,てにをは feat. v flower,https://www.bilibili.com/video/BV1xd5g61Egu?p=8,2026-05-13 03:21:06,BV1xd5g61Egu,8
293,うらみのワルツ,きくお feat. 初音ミク,https://www.bilibili.com/video/BV1xd5g61Egu?p=7,2026-05-13 03:21:06,BV1xd5g61Egu,7
294,かなしみのなみにおぼれる,Neru feat. 鏡音レン,https://www.bilibili.com/video/BV1xd5g61Egu?p=12,2026-05-13 03:21:06,BV1xd5g61Egu,12
295,ころしちゃった!,夏山よつぎ feat. 初音ミク,https://www.bilibili.com/video/BV1xd5g61Egu?p=3,2026-05-13 03:21:06,BV1xd5g61Egu,3
296,フィラデルフィア,Gero,https://www.bilibili.com/video/BV1xd5g61Egu?p=18,2026-05-13 03:21:06,BV1xd5g61Egu,18
297,へべれけジャンキー,syudou feat. 初音ミク,https://www.bilibili.com/video/BV1xd5g61Egu?p=9,2026-05-13 03:21:06,BV1xd5g61Egu,9
298,りりかる,100回嘔吐 feat. v flower,https://www.bilibili.com/video/BV1xd5g61Egu?p=13,2026-05-13 03:21:06,BV1xd5g61Egu,13
299,ルームNo.4,超学生,https://www.bilibili.com/video/BV1xd5g61Egu?p=4,2026-05-13 03:21:06,BV1xd5g61Egu,4
300,偽物人間40号,¿?shimon feat. v flower,https://www.bilibili.com/video/BV1xd5g61Egu?p=10,2026-05-13 03:21:06,BV1xd5g61Egu,10
301,孤独毒毒,syudou feat. 初音ミク,https://www.bilibili.com/video/BV1xd5g61Egu?p=11,2026-05-13 03:21:06,BV1xd5g61Egu,11
302,生きる,吐息 feat. v flower、Arh,https://www.bilibili.com/video/BV1xd5g61Egu?p=14,2026-05-13 03:21:06,BV1xd5g61Egu,14
303,アイデア,星野源,https://www.bilibili.com/video/BV1875t6vEBW?p=6,2026-05-11 23:55:32,BV1875t6vEBW,6
304,ウミユリ海底譚,n-buna feat. 初音ミク,https://www.bilibili.com/video/BV1875t6vEBW?p=1,2026-05-11 23:55:32,BV1875t6vEBW,1
305,タイムパラドックス,Vaundy,https://www.bilibili.com/video/BV1875t6vEBW?p=4,2026-05-11 23:55:32,BV1875t6vEBW,4
306,ラブレター・フロム・メランコリー,カラスヤサボウ feat. 初音ミク,https://www.bilibili.com/video/BV1875t6vEBW?p=5,2026-05-11 23:55:32,BV1875t6vEBW,5
307,異世界混合大舞踏会 feat. おばけ,星野源,https://www.bilibili.com/video/BV1875t6vEBW?p=7,2026-05-11 23:55:32,BV1875t6vEBW,7
308,KICK BACK,米津玄師,https://www.bilibili.com/video/BV1pH5H6BELC?p=4,2026-05-11 02:54:36,BV1pH5H6BELC,4
309,unravel,TK from 凛として時雨,https://www.bilibili.com/video/BV1pH5H6BELC?p=15,2026-05-11 02:54:36,BV1pH5H6BELC,15
310,炎,LiSA,https://www.bilibili.com/video/BV1pH5H6BELC?p=13,2026-05-11 02:54:36,BV1pH5H6BELC,13
311,革命道中,アイナ・ジ・エンド,https://www.bilibili.com/video/BV1pH5H6BELC?p=11,2026-05-11 02:54:36,BV1pH5H6BELC,11
312,残響散歌,Aimer,https://www.bilibili.com/video/BV1pH5H6BELC?p=3,2026-05-11 02:54:36,BV1pH5H6BELC,3
313,創聖のアクエリオン,AKINO,https://www.bilibili.com/video/BV1pH5H6BELC?p=16,2026-05-11 02:54:36,BV1pH5H6BELC,16
314,Jukebox Driver,Penthouse,https://www.bilibili.com/video/BV1SUdKBuEVy?p=3,2026-05-08 09:42:17,BV1SUdKBuEVy,3
315,Planetary,Penthouse,https://www.bilibili.com/video/BV1SUdKBuEVy?p=4,2026-05-08 09:42:17,BV1SUdKBuEVy,4
316,Taxi to the Moon,Penthouse,https://www.bilibili.com/video/BV1SUdKBuEVy?p=7,2026-05-08 09:42:17,BV1SUdKBuEVy,7
317,隣の恋は青,Penthouse,https://www.bilibili.com/video/BV1SUdKBuEVy?p=1,2026-05-08 09:42:17,BV1SUdKBuEVy,1
318,Beyond the way,Giga,https://www.bilibili.com/video/BV1nvRbBWEH4?p=20,2026-05-07 05:56:12,BV1nvRbBWEH4,20
319,Bling-Bang-Bang-Born,Creepy Nuts,https://www.bilibili.com/video/BV1nvRbBWEH4?p=19,2026-05-07 05:56:12,BV1nvRbBWEH4,19
320,magnet,minato,https://www.bilibili.com/video/BV1nvRbBWEH4?p=6,2026-05-07 05:56:12,BV1nvRbBWEH4,6
321,アイドル,YOASOBI,https://www.bilibili.com/video/BV1nvRbBWEH4?p=8,2026-05-07 05:56:12,BV1nvRbBWEH4,8
322,おじゃま虫,DECO*27,https://www.bilibili.com/video/BV1nvRbBWEH4?p=27,2026-05-07 05:56:12,BV1nvRbBWEH4,27
323,すずめ feat.十明,RADWIMPS,https://www.bilibili.com/video/BV1nvRbBWEH4?p=3,2026-05-07 05:56:12,BV1nvRbBWEH4,3
324,にっこり^^調査隊のテーマ,WONDERFUL★OPPORTUNITY!,https://www.bilibili.com/video/BV1nvRbBWEH4?p=23,2026-05-07 05:56:12,BV1nvRbBWEH4,23
325,ピエロ,KEI,https://www.bilibili.com/video/BV1nvRbBWEH4?p=13,2026-05-07 05:56:12,BV1nvRbBWEH4,13
326,ブリキノダンス,日向電工,https://www.bilibili.com/video/BV1nvRbBWEH4?p=11,2026-05-07 05:56:12,BV1nvRbBWEH4,11
327,わたしの一番かわいいところ,FRUITS ZIPPER,https://www.bilibili.com/video/BV1nvRbBWEH4?p=26,2026-05-07 05:56:12,BV1nvRbBWEH4,26
328,可愛くてごめん,HoneyWorks,https://www.bilibili.com/video/BV1nvRbBWEH4?p=28,2026-05-07 05:56:12,BV1nvRbBWEH4,28
329,怪獣,サカナクション,https://www.bilibili.com/video/BV1nvRbBWEH4?p=1,2026-05-07 05:56:12,BV1nvRbBWEH4,1
330,怪獣の花唄,Vaundy,https://www.bilibili.com/video/BV1nvRbBWEH4?p=16,2026-05-07 05:56:12,BV1nvRbBWEH4,16
331,脳漿炸裂ガール,れるりり feat. 初音ミク/GUMI,https://www.bilibili.com/video/BV1nvRbBWEH4?p=10,2026-05-07 05:56:12,BV1nvRbBWEH4,10
332,晩餐歌,tuki.,https://www.bilibili.com/video/BV1nvRbBWEH4?p=15,2026-05-07 05:56:12,BV1nvRbBWEH4,15
333,贖罪,傘村トータ,https://www.bilibili.com/video/BV1nvRbBWEH4?p=14,2026-05-07 05:56:12,BV1nvRbBWEH4,14
334,Booo!,TOKOTOKO,https://www.bilibili.com/video/BV1ZTRJBDEc6?p=2,2026-05-06 01:17:39,BV1ZTRJBDEc6,2
335,おジャ魔女カーニバル!!,MAHO堂,https://www.bilibili.com/video/BV1ZTRJBDEc6?p=5,2026-05-06 01:17:39,BV1ZTRJBDEc6,5
336,おしりかじり虫,おしりかじり虫,https://www.bilibili.com/video/BV1ZTRJBDEc6?p=3,2026-05-06 01:17:39,BV1ZTRJBDEc6,3
337,きょういくばんぐみのテーマ,やみの おねえさん,https://www.bilibili.com/video/BV1ZTRJBDEc6?p=9,2026-05-06 01:17:39,BV1ZTRJBDEc6,9
338,ドレミファロンド,40mP feat.初音ミク,https://www.bilibili.com/video/BV1ZTRJBDEc6?p=12,2026-05-06 01:17:39,BV1ZTRJBDEc6,12
339,ハッピー・ジャムジャム,しまじろう・みみりん・とりっぴい・にゃっきい,https://www.bilibili.com/video/BV1ZTRJBDEc6?p=18,2026-05-06 01:17:39,BV1ZTRJBDEc6,18
340,パプリカ,Foorin,https://www.bilibili.com/video/BV1ZTRJBDEc6?p=13,2026-05-06 01:17:39,BV1ZTRJBDEc6,13
341,ハム太郎とっとこうた,ハムちゃんず,https://www.bilibili.com/video/BV1ZTRJBDEc6?p=6,2026-05-06 01:17:39,BV1ZTRJBDEc6,6
342,マル・マル・モリ・モリ!,薫と友樹、たまにムック。,https://www.bilibili.com/video/BV1ZTRJBDEc6?p=4,2026-05-06 01:17:39,BV1ZTRJBDEc6,4
343,めざせポケモンマスター,松本梨香,https://www.bilibili.com/video/BV1ZTRJBDEc6?p=8,2026-05-06 01:17:39,BV1ZTRJBDEc6,8
344,三百六十五歩のマーチ,水前寺清子,https://www.bilibili.com/video/BV1ZTRJBDEc6?p=1,2026-05-06 01:17:39,BV1ZTRJBDEc6,1
345,粛聖!! ロリ神レクイエム☆,しぐれうい,https://www.bilibili.com/video/BV1ZTRJBDEc6?p=11,2026-05-06 01:17:39,BV1ZTRJBDEc6,11
346,森の小さなレストラン,手嶌葵,https://www.bilibili.com/video/BV1ZTRJBDEc6?p=14,2026-05-06 01:17:39,BV1ZTRJBDEc6,14
347,北風小僧の寒太郎,堺正章,https://www.bilibili.com/video/BV1ZTRJBDEc6?p=15,2026-05-06 01:17:39,BV1ZTRJBDEc6,15
348,夢をかなえてドラえもん,mao,https://www.bilibili.com/video/BV1ZTRJBDEc6?p=7,2026-05-06 01:17:39,BV1ZTRJBDEc6,7
349,いつも何度でも,木村弓,https://www.bilibili.com/video/BV1duRJBJEgG?p=6,2026-05-06 01:15:45,BV1duRJBJEgG,6
350,いのちの名前,木村弓,https://www.bilibili.com/video/BV1duRJBJEgG?p=5,2026-05-06 01:15:45,BV1duRJBJEgG,5
351,さよならの夏 ～コクリコ坂から～,手嶌葵,https://www.bilibili.com/video/BV1duRJBJEgG?p=18,2026-05-06 01:15:45,BV1duRJBJEgG,18
352,となりのトトロ,井上あずみ,https://www.bilibili.com/video/BV1duRJBJEgG?p=9,2026-05-06 01:15:45,BV1duRJBJEgG,9
353,ひこうき雲,荒井由実,https://www.bilibili.com/video/BV1duRJBJEgG?p=15,2026-05-06 01:15:45,BV1duRJBJEgG,15
354,メロディー,玉置浩二,https://www.bilibili.com/video/BV1duRJBJEgG?p=19,2026-05-06 01:15:45,BV1duRJBJEgG,19
355,もののけ姫,米良美一,https://www.bilibili.com/video/BV1duRJBJEgG?p=4,2026-05-06 01:15:45,BV1duRJBJEgG,4
356,川の流れのように,美空ひばり,https://www.bilibili.com/video/BV1duRJBJEgG?p=13,2026-05-06 01:15:45,BV1duRJBJEgG,13
357,風になる,つじあやの,https://www.bilibili.com/video/BV1duRJBJEgG?p=11,2026-05-06 01:15:45,BV1duRJBJEgG,11
358,風の谷のナウシカ,安田成美,https://www.bilibili.com/video/BV1duRJBJEgG?p=10,2026-05-06 01:15:45,BV1duRJBJEgG,10
359,涙そうそう,夏川りみ,https://www.bilibili.com/video/BV1duRJBJEgG?p=14,2026-05-06 01:15:45,BV1duRJBJEgG,14
360,Carrying Happiness,Mrs. GREEN APPLE,https://www.bilibili.com/video/BV1fV99BDEeh?p=4,2026-05-03 06:22:52,BV1fV99BDEeh,4
361,愛をこめて花束を,Superfly,https://www.bilibili.com/video/BV1fV99BDEeh?p=8,2026-05-03 06:22:52,BV1fV99BDEeh,8
362,カタオモイ,Aimer,https://www.bilibili.com/video/BV1hF92B7EXa?p=3,2026-04-29 04:13:28,BV1hF92B7EXa,3
363,がらくた,米津玄師,https://www.bilibili.com/video/BV1hF92B7EXa?p=10,2026-04-29 04:13:28,BV1hF92B7EXa,10
364,回る空うさぎ,Orangestar,https://www.bilibili.com/video/BV1hF92B7EXa?p=14,2026-04-29 04:13:28,BV1hF92B7EXa,14
365,天国,Mrs. GREEN APPLE,https://www.bilibili.com/video/BV1hF92B7EXa?p=16,2026-04-29 04:13:28,BV1hF92B7EXa,16
366,僕が死のうと思ったのは,中島美嘉,https://www.bilibili.com/video/BV1hF92B7EXa?p=13,2026-04-29 04:13:28,BV1hF92B7EXa,13
367,鱗,秦基博,https://www.bilibili.com/video/BV1hF92B7EXa?p=8,2026-04-29 04:13:28,BV1hF92B7EXa,8
368,点描の唄,Mrs. GREEN APPLE feat. 井上苑子,https://www.bilibili.com/video/BV1fPo1BiExH?p=7,2026-04-28 03:23:10,BV1fPo1BiExH,7
369,Stellar Stellar,星街すいせい,https://www.bilibili.com/video/BV1JBoXB4Enu?p=12,2026-04-26 01:24:02,BV1JBoXB4Enu,12
370,ミラクルショッピング ～ドン・キホーテのテーマ～,田中マイミ,https://www.bilibili.com/video/BV1JBoXB4Enu?p=4,2026-04-26 01:24:02,BV1JBoXB4Enu,4
371,もういいよ,こっちのけんと,https://www.bilibili.com/video/BV1JBoXB4Enu?p=7,2026-04-26 01:24:02,BV1JBoXB4Enu,7
372,月陽 -ツキアカリ-,りぶ,https://www.bilibili.com/video/BV1JBoXB4Enu?p=1,2026-04-26 01:24:02,BV1JBoXB4Enu,1
373,誇り高きアイドル,HoneyWorks feat. Kotoha,https://www.bilibili.com/video/BV1JBoXB4Enu?p=14,2026-04-26 01:24:02,BV1JBoXB4Enu,14
374,さくら(独唱),森山直太朗,https://www.bilibili.com/video/BV1Bjo7B9EPG?p=2,2026-04-25 02:41:33,BV1Bjo7B9EPG,2
375,ドン・キホーテのテーマ,田中マイミ,https://www.bilibili.com/video/BV1Bjo7B9EPG?p=3,2026-04-25 02:41:33,BV1Bjo7B9EPG,3
376,丸の内サディスティック,椎名林檎,https://www.bilibili.com/video/BV1Bjo7B9EPG?p=4,2026-04-25 02:41:33,BV1Bjo7B9EPG,4
377,ようかい体操第一,Dream5,https://www.bilibili.com/video/BV1ZsogBNE7J?p=6,2026-04-23 23:57:16,BV1ZsogBNE7J,6
378,想像フォレスト,じん,https://www.bilibili.com/video/BV1ZsogBNE7J?p=1,2026-04-23 23:57:16,BV1ZsogBNE7J,1
379,ガランド,ピコン,https://www.bilibili.com/video/BV1JjobBWEqP?p=1,2026-04-23 01:35:45,BV1JjobBWEqP,1
380,にぎにぎにじたうん！,にじさんじ/周央サンゴ,https://www.bilibili.com/video/BV1JjobBWEqP?p=4,2026-04-23 01:35:45,BV1JjobBWEqP,4
381,愛包ダンスホール,HIMEHINA,https://www.bilibili.com/video/BV1JjobBWEqP?p=5,2026-04-23 01:35:45,BV1JjobBWEqP,5
382,青のすみか,キタニタツヤ,https://www.bilibili.com/video/BV1JjobBWEqP?p=2,2026-04-23 01:35:45,BV1JjobBWEqP,2
383,FAKE IDOL,藍月なくる,https://www.bilibili.com/video/BV1utdDBaE6M?p=9,2026-04-22 00:36:13,BV1utdDBaE6M,9
384,アウトサイダー,Eve feat. 初音ミク,https://www.bilibili.com/video/BV1utdDBaE6M?p=2,2026-04-22 00:36:13,BV1utdDBaE6M,2
385,クダリ,Mrs.GREENAPPLE,https://www.bilibili.com/video/BV1utdDBaE6M?p=18,2026-04-22 00:36:13,BV1utdDBaE6M,18
386,ずうっといっしょ,キタニタツヤ,https://www.bilibili.com/video/BV1utdDBaE6M?p=16,2026-04-22 00:36:13,BV1utdDBaE6M,16
387,パラサイトブルー,幽谷きらら,https://www.bilibili.com/video/BV1utdDBaE6M?p=10,2026-04-22 00:36:13,BV1utdDBaE6M,10
388,モエチャッカファイア,弌誠,https://www.bilibili.com/video/BV1utdDBaE6M?p=7,2026-04-22 00:36:13,BV1utdDBaE6M,7
389,悪魔の子,ヒグチアイ,https://www.bilibili.com/video/BV1utdDBaE6M?p=12,2026-04-22 00:36:13,BV1utdDBaE6M,12
390,怪物,YOASOBI,https://www.bilibili.com/video/BV1utdDBaE6M?p=13,2026-04-22 00:36:13,BV1utdDBaE6M,13
391,心のそばに,中村佳穗,https://www.bilibili.com/video/BV1utdDBaE6M?p=20,2026-04-22 00:36:13,BV1utdDBaE6M,20
392,A Whole New World,Regina Belle & Peabo Bryson,https://www.bilibili.com/video/BV1undWBpE7K?p=7,2026-04-19 00:04:11,BV1undWBpE7K,7
393,MY HEART WILL GO ON,Celine Dion,https://www.bilibili.com/video/BV1undWBpE7K?p=6,2026-04-19 00:04:11,BV1undWBpE7K,6
394,残酷な天使のテーゼ,高橋洋子,https://www.bilibili.com/video/BV1undWBpE7K?p=14,2026-04-19 00:04:11,BV1undWBpE7K,14
395,酔いどれ知らず,Kanaria,https://www.bilibili.com/video/BV1undWBpE7K?p=3,2026-04-19 00:04:11,BV1undWBpE7K,3
396,津軽海峡冬景色,石川さゆり,https://www.bilibili.com/video/BV1undWBpE7K?p=10,2026-04-19 00:04:11,BV1undWBpE7K,10
397,天城越え,石川さゆり,https://www.bilibili.com/video/BV1undWBpE7K?p=9,2026-04-19 00:04:11,BV1undWBpE7K,9
398,PAKU,asmi,https://www.bilibili.com/video/BV1DzdiBoEh8?p=1,2026-04-17 04:12:07,BV1DzdiBoEh8,1
399,ジェラシス,Chinozo feat. 可不,https://www.bilibili.com/video/BV1DzdiBoEh8?p=2,2026-04-17 04:12:07,BV1DzdiBoEh8,2
400,フィラメントフィーバー,蜂屋ななし,https://www.bilibili.com/video/BV1DzdiBoEh8?p=8,2026-04-17 04:12:07,BV1DzdiBoEh8,8
401,メフィスト,女王蜂,https://www.bilibili.com/video/BV1DzdiBoEh8?p=6,2026-04-17 04:12:07,BV1DzdiBoEh8,6
402,さくら,森山直太朗,https://www.bilibili.com/video/BV1zxQpBsEnQ?p=2,2026-04-16 01:56:19,BV1zxQpBsEnQ,2
403,ドライフラワー,優里,https://www.bilibili.com/video/BV1zxQpBsEnQ?p=7,2026-04-16 01:56:19,BV1zxQpBsEnQ,7
404,ひまわりの約束,秦基博,https://www.bilibili.com/video/BV1zxQpBsEnQ?p=4,2026-04-16 01:56:19,BV1zxQpBsEnQ,4
405,ロビンソン,スピッツ,https://www.bilibili.com/video/BV1zxQpBsEnQ?p=6,2026-04-16 01:56:19,BV1zxQpBsEnQ,6
406,恋愛裁判,40mP,https://www.bilibili.com/video/BV1zxQpBsEnQ?p=1,2026-04-16 01:56:19,BV1zxQpBsEnQ,1
407,daze,じん feat. メイリア from GARNiDELiA,https://www.bilibili.com/video/BV1apQ5BsELh?p=4,2026-04-15 02:45:24,BV1apQ5BsELh,4
408,桜が降る夜は,あいみょん,https://www.bilibili.com/video/BV1apQ5BsELh?p=3,2026-04-15 02:45:24,BV1apQ5BsELh,3
409,僕のこと,Mrs. GREEN APPLE,https://www.bilibili.com/video/BV1apQ5BsELh?p=1,2026-04-15 02:45:24,BV1apQ5BsELh,1
410,アンドロイドガール,DECO*27 feat. 初音ミク,https://www.bilibili.com/video/BV1pgQ8BUEyi?p=3,2026-04-14 02:51:25,BV1pgQ8BUEyi,3
411,ジレンマ,DECO*27 feat. 初音ミク,https://www.bilibili.com/video/BV1pgQ8BUEyi?p=5,2026-04-14 02:51:25,BV1pgQ8BUEyi,5
412,ニア,夏代孝明,https://www.bilibili.com/video/BV1pgQ8BUEyi?p=2,2026-04-14 02:51:25,BV1pgQ8BUEyi,2
413,にんげんっていいな,中嶋義実,https://www.bilibili.com/video/BV1pgQ8BUEyi?p=1,2026-04-14 02:51:25,BV1pgQ8BUEyi,1
414,モザイクロール Reloaded,DECO*27 feat. 初音ミク,https://www.bilibili.com/video/BV1pgQ8BUEyi?p=4,2026-04-14 02:51:25,BV1pgQ8BUEyi,4
415,1・2・3,After the Rain(そらる × まふまふ),https://www.bilibili.com/video/BV1EYQKB1EyC?p=7,2026-04-11 11:03:40,BV1EYQKB1EyC,7
416,CH4NGE,Giga,https://www.bilibili.com/video/BV1EYQKB1EyC?p=9,2026-04-11 11:03:40,BV1EYQKB1EyC,9
417,だんご3兄弟,NEUTRINO,https://www.bilibili.com/video/BV1EYQKB1EyC?p=13,2026-04-11 11:03:40,BV1EYQKB1EyC,13
418,ダンスロボットダンス,ナユタン星人,https://www.bilibili.com/video/BV1EYQKB1EyC?p=1,2026-04-11 11:03:40,BV1EYQKB1EyC,1
419,ワールドイズマイン,supercell,https://www.bilibili.com/video/BV1EYQKB1EyC?p=11,2026-04-11 11:03:40,BV1EYQKB1EyC,11
420,愛言葉Ⅲ,DECO*27,https://www.bilibili.com/video/BV1EYQKB1EyC?p=15,2026-04-11 11:03:40,BV1EYQKB1EyC,15
421,虎視眈々,梅とら,https://www.bilibili.com/video/BV1EYQKB1EyC?p=10,2026-04-11 11:03:40,BV1EYQKB1EyC,10
422,世界に一つだけの花,SMAP,https://www.bilibili.com/video/BV1EYQKB1EyC?p=14,2026-04-11 11:03:40,BV1EYQKB1EyC,14
423,こちら幸福安全委員会です,うたたP&初音ミク,https://www.bilibili.com/video/BV1xGDtB1Enh?p=7,2026-04-10 04:30:56,BV1xGDtB1Enh,7
424,男の勲章,RIKI,https://www.bilibili.com/video/BV1xGDtB1Enh?p=2,2026-04-10 04:30:56,BV1xGDtB1Enh,2
425,StaRt,Mrs. GREEN APPLE,https://www.bilibili.com/video/BV1CCDJBpEpz?p=1,2026-04-09 01:02:09,BV1CCDJBpEpz,1
426,一年生になったら,童謡・唱歌,https://www.bilibili.com/video/BV1CCDJBpEpz?p=11,2026-04-09 01:02:09,BV1CCDJBpEpz,11
427,春よ、来い,松任谷由実,https://www.bilibili.com/video/BV1CCDJBpEpz?p=3,2026-04-09 01:02:09,BV1CCDJBpEpz,3
428,春を告げる,yama,https://www.bilibili.com/video/BV1CCDJBpEpz?p=10,2026-04-09 01:02:09,BV1CCDJBpEpz,10
429,匿名M,ピノキオピー,https://www.bilibili.com/video/BV1CCDJBpEpz?p=13,2026-04-09 01:02:09,BV1CCDJBpEpz,13
430,夜桜 feat. めいちゃん,くじら,https://www.bilibili.com/video/BV1CCDJBpEpz?p=8,2026-04-09 01:02:09,BV1CCDJBpEpz,8
431,栞,クリープハイプ,https://www.bilibili.com/video/BV1CCDJBpEpz?p=2,2026-04-09 01:02:09,BV1CCDJBpEpz,2
432,Don't You Worry 'Bout a Thing,Stevie Wonder,https://www.bilibili.com/video/BV12UDzBSES6?p=9,2026-04-08 09:17:31,BV12UDzBSES6,9
433,アトラクトライト,*Luna,https://www.bilibili.com/video/BV12UDzBSES6?p=1,2026-04-08 09:17:31,BV12UDzBSES6,1
434,アンパンマンのマーチ,ドリーミング,https://www.bilibili.com/video/BV12UDzBSES6?p=10,2026-04-08 09:17:31,BV12UDzBSES6,10
435,タッチ,岩崎良美,https://www.bilibili.com/video/BV12UDzBSES6?p=8,2026-04-08 09:17:31,BV12UDzBSES6,8
436,君よ 気高くあれ,シユイ,https://www.bilibili.com/video/BV12UDzBSES6?p=3,2026-04-08 09:17:31,BV12UDzBSES6,3
437,人マニア,原口沙輔 feat. 重音テト,https://www.bilibili.com/video/BV12UDzBSES6?p=4,2026-04-08 09:17:31,BV12UDzBSES6,4
438,明日があるさ,坂本九,https://www.bilibili.com/video/BV12UDzBSES6?p=11,2026-04-08 09:17:31,BV12UDzBSES6,11
439,イカサマダンス,まふまふ,https://www.bilibili.com/video/BV1hrDNBtEm1?p=16,2026-04-04 15:25:17,BV1hrDNBtEm1,16
440,一旦ステイTONIGHT,不破湊,https://www.bilibili.com/video/BV1hrDNBtEm1?p=15,2026-04-04 15:25:17,BV1hrDNBtEm1,15
441,月陽-ツキアカリ-,みきとP feat. GUMI,https://www.bilibili.com/video/BV1hrDNBtEm1?p=10,2026-04-04 15:25:17,BV1hrDNBtEm1,10
442,Happiness,嵐,https://www.bilibili.com/video/BV1c69wBGEXy?p=12,2026-04-03 00:39:18,BV1c69wBGEXy,12
443,III,宝鐘マリン&KoboKanaeru,https://www.bilibili.com/video/BV1c69wBGEXy?p=9,2026-04-03 00:39:18,BV1c69wBGEXy,9
444,エビカニクス,ケロポンズ,https://www.bilibili.com/video/BV1c69wBGEXy?p=16,2026-04-03 00:39:18,BV1c69wBGEXy,16
445,ひとりごつ,ハチワレ,https://www.bilibili.com/video/BV1c69wBGEXy?p=17,2026-04-03 00:39:18,BV1c69wBGEXy,17
446,ラヴィット,ピノキオピー&初音ミク,https://www.bilibili.com/video/BV1c69wBGEXy?p=6,2026-04-03 00:39:18,BV1c69wBGEXy,6
447,右に曲ガール,はるふり&重音テト,https://www.bilibili.com/video/BV1c69wBGEXy?p=3,2026-04-03 00:39:18,BV1c69wBGEXy,3
448,僥倖ダンス,ちゃんげろソニック,https://www.bilibili.com/video/BV1c69wBGEXy?p=13,2026-04-03 00:39:18,BV1c69wBGEXy,13
449,オー・シャンゼリゼ,奇妙礼太郎トラベルスイング楽団,https://www.bilibili.com/video/BV1eT9nB2E62?p=2,2026-04-02 05:33:30,BV1eT9nB2E62,2
450,つづみぐさ,いよわ,https://www.bilibili.com/video/BV1eT9nB2E62?p=11,2026-04-02 05:33:30,BV1eT9nB2E62,11
451,ノートリアス,てにをは&可不,https://www.bilibili.com/video/BV1eT9nB2E62?p=10,2026-04-02 05:33:30,BV1eT9nB2E62,10
452,マザーデイズ,Chinozo,https://www.bilibili.com/video/BV1eT9nB2E62?p=9,2026-04-02 05:33:30,BV1eT9nB2E62,9
453,オーダーメイド,RADWIMPS,https://www.bilibili.com/video/BV1VKXxBfED1?p=12,2026-03-27 06:45:53,BV1VKXxBfED1,12
454,たばこ,コレサワ,https://www.bilibili.com/video/BV1VKXxBfED1?p=9,2026-03-27 06:45:53,BV1VKXxBfED1,9
455,心做し,蝶々P,https://www.bilibili.com/video/BV1VKXxBfED1?p=13,2026-03-27 06:45:53,BV1VKXxBfED1,13
456,別の人の彼女になったよ,wacci,https://www.bilibili.com/video/BV1VKXxBfED1?p=11,2026-03-27 06:45:53,BV1VKXxBfED1,11
457,恋人失格,コレサワ,https://www.bilibili.com/video/BV1VKXxBfED1?p=10,2026-03-27 06:45:53,BV1VKXxBfED1,10
458,ハロ/ハワユ,ナノウ,https://www.bilibili.com/video/BV1HJXJBdE5z?p=4,2026-03-26 07:24:55,BV1HJXJBdE5z,4
459,タイムパラどックス,Vaundy,https://www.bilibili.com/video/BV1NEQBBjEJG?p=5,2026-03-24 19:46:05,BV1NEQBBjEJG,5
460,ゆめゆめ,DECO*27,https://www.bilibili.com/video/BV1NEQBBjEJG?p=8,2026-03-24 19:46:05,BV1NEQBBjEJG,8
461,朝ごはんの歌,手嶌葵,https://www.bilibili.com/video/BV1NEQBBjEJG?p=1,2026-03-24 19:46:05,BV1NEQBBjEJG,1
462,夜桜,くじら feat. めいちゃん,https://www.bilibili.com/video/BV1NEQBBjEJG?p=9,2026-03-24 19:46:05,BV1NEQBBjEJG,9
463,DOGMA,wotaku,https://www.bilibili.com/video/BV1zzAAzPEhY?p=18,2026-03-21 22:48:42,BV1zzAAzPEhY,18
464,QUEEN,LiSA,https://www.bilibili.com/video/BV1zzAAzPEhY?p=1,2026-03-21 22:48:42,BV1zzAAzPEhY,1
465,うっせえわ,匿名ミラージュ,https://www.bilibili.com/video/BV1zzAAzPEhY?p=6,2026-03-21 22:48:42,BV1zzAAzPEhY,6
466,デーモンロード,kanaria&初音ミク,https://www.bilibili.com/video/BV1zzAAzPEhY?p=4,2026-03-21 22:48:42,BV1zzAAzPEhY,4
467,ハローディストピア,そらる,https://www.bilibili.com/video/BV1zzAAzPEhY?p=3,2026-03-21 22:48:42,BV1zzAAzPEhY,3
468,ハングリーニコル,煮ル果実&vflower,https://www.bilibili.com/video/BV1zzAAzPEhY?p=5,2026-03-21 22:48:42,BV1zzAAzPEhY,5
469,ルーム No.4,ふぉるて,https://www.bilibili.com/video/BV1zzAAzPEhY?p=7,2026-03-21 22:48:42,BV1zzAAzPEhY,7
470,哀れな人々,浦嶋りんこ,https://www.bilibili.com/video/BV1zzAAzPEhY?p=10,2026-03-21 22:48:42,BV1zzAAzPEhY,10
471,愛して愛して愛して,きくお,https://www.bilibili.com/video/BV1zzAAzPEhY?p=20,2026-03-21 22:48:42,BV1zzAAzPEhY,20
472,小夜子,みきとP,https://www.bilibili.com/video/BV1zzAAzPEhY?p=21,2026-03-21 22:48:42,BV1zzAAzPEhY,21
473,人間みたいね,キタニタツヤ,https://www.bilibili.com/video/BV1zzAAzPEhY?p=22,2026-03-21 22:48:42,BV1zzAAzPEhY,22
474,馬鹿,syudou&初音ミク,https://www.bilibili.com/video/BV1zzAAzPEhY?p=16,2026-03-21 22:48:42,BV1zzAAzPEhY,16
475,Insane,BlackGryph0n&Baasik,https://www.bilibili.com/video/BV1o2AxzoEmQ?p=10,2026-03-21 06:28:17,BV1o2AxzoEmQ,10
476,Let It Go ～ありのままで～,松たか子,https://www.bilibili.com/video/BV1o2AxzoEmQ?p=3,2026-03-21 06:28:17,BV1o2AxzoEmQ,3
477,So Close ~ そばにいて ~,杉浦奎介,https://www.bilibili.com/video/BV1o2AxzoEmQ?p=16,2026-03-21 06:28:17,BV1o2AxzoEmQ,16
478,Stayed Gone,ChristianBorle&AmirTalai&JoelPerez&HazbinHotel&AndrewUnderberg,https://www.bilibili.com/video/BV1o2AxzoEmQ?p=11,2026-03-21 06:28:17,BV1o2AxzoEmQ,11
479,アラビアン・ナイト,大橋純子&美乃家セントラル・ステイション,https://www.bilibili.com/video/BV1o2AxzoEmQ?p=5,2026-03-21 06:28:17,BV1o2AxzoEmQ,5
480,アンダー・ザ・シー,PrincessCelesta,https://www.bilibili.com/video/BV1o2AxzoEmQ?p=1,2026-03-21 06:28:17,BV1o2AxzoEmQ,1
481,トゥモロー,石井里奈&森の木児童合唱団,https://www.bilibili.com/video/BV1o2AxzoEmQ?p=14,2026-03-21 06:28:17,BV1o2AxzoEmQ,14
482,どこまでも～How FarI'll Go～,屋比久知奈,https://www.bilibili.com/video/BV1o2AxzoEmQ?p=2,2026-03-21 06:28:17,BV1o2AxzoEmQ,2
483,パート・オブ・ユア・ワールド,アリエル,https://www.bilibili.com/video/BV1o2AxzoEmQ?p=8,2026-03-21 06:28:17,BV1o2AxzoEmQ,8
484,フレンド・ライク・ミー,SmallWorld,https://www.bilibili.com/video/BV1o2AxzoEmQ?p=7,2026-03-21 06:28:17,BV1o2AxzoEmQ,7
485,生まれてはじめて,fromアナと雪の女王,https://www.bilibili.com/video/BV1o2AxzoEmQ?p=4,2026-03-21 06:28:17,BV1o2AxzoEmQ,4
486,夢はひそかに,高畑充希&城田優,https://www.bilibili.com/video/BV1o2AxzoEmQ?p=15,2026-03-21 06:28:17,BV1o2AxzoEmQ,15
487,マリーゴールド,あいみょん,https://www.bilibili.com/video/BV1h9AGz1EEs?p=2,2026-03-20 01:25:47,BV1h9AGz1EEs,2
488,夜もすがら君想ふ,TOKOTOKO,https://www.bilibili.com/video/BV1h9AGz1EEs?p=6,2026-03-20 01:25:47,BV1h9AGz1EEs,6
489,ETERNAL WIND~ほほえみは光る風の中~,森口博子,https://www.bilibili.com/video/BV18LwBzCEAL?p=15,2026-03-19 00:41:35,BV18LwBzCEAL,15
490,ウィーアー！,きただにひろし,https://www.bilibili.com/video/BV18LwBzCEAL?p=3,2026-03-19 00:41:35,BV18LwBzCEAL,3
491,お願いマッスル,紗倉ひびき(ファイルーズあい)&街雄鳴造(石川界人),https://www.bilibili.com/video/BV18LwBzCEAL?p=8,2026-03-19 00:41:35,BV18LwBzCEAL,8
492,シュガーソングとビターステップ,UNISON SQUARE GARDEN,https://www.bilibili.com/video/BV18LwBzCEAL?p=19,2026-03-19 00:41:35,BV18LwBzCEAL,19
493,ハッピー・ジャムジャム,M.S.J,https://www.bilibili.com/video/BV18LwBzCEAL?p=20,2026-03-19 00:41:35,BV18LwBzCEAL,20
494,ピースサイン,米津玄師,https://www.bilibili.com/video/BV18LwBzCEAL?p=5,2026-03-19 00:41:35,BV18LwBzCEAL,5
495,ルパン三世のテーマ,大野雄二,https://www.bilibili.com/video/BV18LwBzCEAL?p=17,2026-03-19 00:41:35,BV18LwBzCEAL,17
496,宇宙戦艦ヤマト,ささきいさお,https://www.bilibili.com/video/BV18LwBzCEAL?p=13,2026-03-19 00:41:35,BV18LwBzCEAL,13
497,Fly Me To The Moon,Bart HowardKaye Ballard,https://www.bilibili.com/video/BV1D2wozNEb9?p=11,2026-03-18 00:28:51,BV1D2wozNEb9,11
498,on the rocks,MEIKOKAITOOSTER project,https://www.bilibili.com/video/BV1D2wozNEb9?p=2,2026-03-18 00:28:51,BV1D2wozNEb9,2
499,PIANO*GIRL,OSTER project,https://www.bilibili.com/video/BV1D2wozNEb9?p=6,2026-03-18 00:28:51,BV1D2wozNEb9,6
500,はじめてのチュウ,あんしんパパ,https://www.bilibili.com/video/BV1D2wozNEb9?p=8,2026-03-18 00:28:51,BV1D2wozNEb9,8
501,ミルククラウン・オン・ソーネチカ,ユジー&初音ミク,https://www.bilibili.com/video/BV1D2wozNEb9?p=5,2026-03-18 00:28:51,BV1D2wozNEb9,5
502,ワンルームオールザットジャズ,DATEKEN,https://www.bilibili.com/video/BV1D2wozNEb9?p=13,2026-03-18 00:28:51,BV1D2wozNEb9,13
503,女の子は誰でも,東京事変,https://www.bilibili.com/video/BV1D2wozNEb9?p=12,2026-03-18 00:28:51,BV1D2wozNEb9,12
504,人生は夢だらけ,椎名林檎,https://www.bilibili.com/video/BV1D2wozNEb9?p=16,2026-03-18 00:28:51,BV1D2wozNEb9,16
505,秒針を噛む,ずっと真夜中でいいのに。,https://www.bilibili.com/video/BV1D2wozNEb9?p=1,2026-03-18 00:28:51,BV1D2wozNEb9,1
506,HAPPY BIRTHDAY,back number,https://www.bilibili.com/video/BV1R2wQzfEuY?p=29,2026-03-17 11:34:24,BV1R2wQzfEuY,29
507,I LOVE YOU,Chris Hart,https://www.bilibili.com/video/BV1R2wQzfEuY?p=34,2026-03-17 11:34:24,BV1R2wQzfEuY,34
508,MONSTER,嵐,https://www.bilibili.com/video/BV1R2wQzfEuY?p=31,2026-03-17 11:34:24,BV1R2wQzfEuY,31
509,Pretender,Official髭男dism,https://www.bilibili.com/video/BV1R2wQzfEuY?p=28,2026-03-17 11:34:24,BV1R2wQzfEuY,28
510,がらくた,野田愛実,https://www.bilibili.com/video/BV1R2wQzfEuY?p=30,2026-03-17 11:34:24,BV1R2wQzfEuY,30
511,シャンティ,wotaku,https://www.bilibili.com/video/BV1R2wQzfEuY?p=8,2026-03-17 11:34:24,BV1R2wQzfEuY,8
512,バットオンリーユー,ryo (supercell),https://www.bilibili.com/video/BV1R2wQzfEuY?p=9,2026-03-17 11:34:24,BV1R2wQzfEuY,9
513,ボッカデラベリタ,feat. v flower,https://www.bilibili.com/video/BV1R2wQzfEuY?p=4,2026-03-17 11:34:24,BV1R2wQzfEuY,4
514,もう恋なんてしない,槇原敬之,https://www.bilibili.com/video/BV1R2wQzfEuY?p=23,2026-03-17 11:34:24,BV1R2wQzfEuY,23
515,ロウワー,ぬゆり,https://www.bilibili.com/video/BV1R2wQzfEuY?p=16,2026-03-17 11:34:24,BV1R2wQzfEuY,16
516,ロメオ,HoneyWorks&内山昂輝&島﨑信長,https://www.bilibili.com/video/BV1R2wQzfEuY?p=27,2026-03-17 11:34:24,BV1R2wQzfEuY,27
517,廻廻奇譚,Eve,https://www.bilibili.com/video/BV1R2wQzfEuY?p=13,2026-03-17 11:34:24,BV1R2wQzfEuY,13
518,小悪魔だってかまわない！,HoneyWorks feat. 初音ミク,https://www.bilibili.com/video/BV1R2wQzfEuY?p=26,2026-03-17 11:34:24,BV1R2wQzfEuY,26
519,恋の魔法,菅原纱由理,https://www.bilibili.com/video/BV1R2wQzfEuY?p=20,2026-03-17 11:34:24,BV1R2wQzfEuY,20
520,I LOVE...,Official髭男dism,https://www.bilibili.com/video/BV1b3wPzEEvs?p=24,2026-03-12 19:31:32,BV1b3wPzEEvs,24
521,あこがれの夏,ピエール瀧,https://www.bilibili.com/video/BV1b3wPzEEvs?p=60,2026-03-12 19:31:32,BV1b3wPzEEvs,60
522,からくりピエロ,40mP,https://www.bilibili.com/video/BV1b3wPzEEvs?p=39,2026-03-12 19:31:32,BV1b3wPzEEvs,39
523,ハッピーシンセサイザ,EasyPop,https://www.bilibili.com/video/BV1b3wPzEEvs?p=21,2026-03-12 19:31:32,BV1b3wPzEEvs,21
524,ヒバナ,DECO*27,https://www.bilibili.com/video/BV1b3wPzEEvs?p=6,2026-03-12 19:31:32,BV1b3wPzEEvs,6
525,ブライトサイン,Meychan,https://www.bilibili.com/video/BV1b3wPzEEvs?p=51,2026-03-12 19:31:32,BV1b3wPzEEvs,51
526,ラブ・イズ・オーバー,欧陽菲菲,https://www.bilibili.com/video/BV1b3wPzEEvs?p=30,2026-03-12 19:31:32,BV1b3wPzEEvs,30
527,ラプラス,Meychan,https://www.bilibili.com/video/BV1b3wPzEEvs?p=52,2026-03-12 19:31:32,BV1b3wPzEEvs,52
528,ロスタイムメモリー,じん,https://www.bilibili.com/video/BV1b3wPzEEvs?p=65,2026-03-12 19:31:32,BV1b3wPzEEvs,65
529,花,ORANGE RANGE,https://www.bilibili.com/video/BV1b3wPzEEvs?p=4,2026-03-12 19:31:32,BV1b3wPzEEvs,4
530,花は咲く,花は咲くプロジェクト,https://www.bilibili.com/video/BV1b3wPzEEvs?p=8,2026-03-12 19:31:32,BV1b3wPzEEvs,8
531,金木犀,くじら,https://www.bilibili.com/video/BV1b3wPzEEvs?p=14,2026-03-12 19:31:32,BV1b3wPzEEvs,14
532,高嶺の花子さん,back number,https://www.bilibili.com/video/BV1b3wPzEEvs?p=34,2026-03-12 19:31:32,BV1b3wPzEEvs,34
533,糸,中島みゆき,https://www.bilibili.com/video/BV1b3wPzEEvs?p=28,2026-03-12 19:31:32,BV1b3wPzEEvs,28
534,赤いスイートピー,松田聖子,https://www.bilibili.com/video/BV1b3wPzEEvs?p=12,2026-03-12 19:31:32,BV1b3wPzEEvs,12
535,虹色の戦争,SEKAI NO OWARI,https://www.bilibili.com/video/BV1b3wPzEEvs?p=55,2026-03-12 19:31:32,BV1b3wPzEEvs,55
536,不可幸力,Vaundy,https://www.bilibili.com/video/BV1b3wPzEEvs?p=23,2026-03-12 19:31:32,BV1b3wPzEEvs,23
537,魔法の絨毯,川崎鷹也,https://www.bilibili.com/video/BV1b3wPzEEvs?p=53,2026-03-12 19:31:32,BV1b3wPzEEvs,53
