title,artist,sourceAlias,source,collection,link,bvid,page,pubdate,pubdateFormatted,exclusionReason
少女S,SCANDAL,茨むあん,ibaramuan.js,【歌切】[2026-06-15]星期一定期🎙动漫歌和术力口都喜欢对吧？欢迎初见！ Muan ch.茨むあん,https://www.bilibili.com/video/BV18FjT65EJJ?p=1,BV18FjT65EJJ,1,1781555182,2026-06-16 04:26:22,仅合集/视频标题含术力口上下文，歌名/歌手字段无直接证据，未纳入正式结果
chAngE,miwa,茨むあん,ibaramuan.js,【歌切】[2026-06-15]星期一定期🎙动漫歌和术力口都喜欢对吧？欢迎初见！ Muan ch.茨むあん,https://www.bilibili.com/video/BV18FjT65EJJ?p=2,BV18FjT65EJJ,2,1781555182,2026-06-16 04:26:22,仅合集/视频标题含术力口上下文，歌名/歌手字段无直接证据，未纳入正式结果
一度だけの恋なら,ワルキューレ,茨むあん,ibaramuan.js,【歌切】[2026-06-15]星期一定期🎙动漫歌和术力口都喜欢对吧？欢迎初见！ Muan ch.茨むあん,https://www.bilibili.com/video/BV18FjT65EJJ?p=5,BV18FjT65EJJ,5,1781555182,2026-06-16 04:26:22,仅合集/视频标题含术力口上下文，歌名/歌手字段无直接证据，未纳入正式结果
いけないボーダーライン,ワルキューレ,茨むあん,ibaramuan.js,【歌切】[2026-06-15]星期一定期🎙动漫歌和术力口都喜欢对吧？欢迎初见！ Muan ch.茨むあん,https://www.bilibili.com/video/BV18FjT65EJJ?p=6,BV18FjT65EJJ,6,1781555182,2026-06-16 04:26:22,仅合集/视频标题含术力口上下文，歌名/歌手字段无直接证据，未纳入正式结果
魂のルフラン,高橋洋子,茨むあん,ibaramuan.js,【歌切】[2026-06-15]星期一定期🎙动漫歌和术力口都喜欢对吧？欢迎初见！ Muan ch.茨むあん,https://www.bilibili.com/video/BV18FjT65EJJ?p=9,BV18FjT65EJJ,9,1781555182,2026-06-16 04:26:22,仅合集/视频标题含术力口上下文，歌名/歌手字段无直接证据，未纳入正式结果
ハレ晴レユカイ,涼宮ハルヒ(CV:平野綾)、長門有希(CV:茅原実里)、朝比奈みくる(CV:後藤邑子),茨むあん,ibaramuan.js,【歌切】[2026-06-15]星期一定期🎙动漫歌和术力口都喜欢对吧？欢迎初见！ Muan ch.茨むあん,https://www.bilibili.com/video/BV18FjT65EJJ?p=10,BV18FjT65EJJ,10,1781555182,2026-06-16 04:26:22,仅合集/视频标题含术力口上下文，歌名/歌手字段无直接证据，未纳入正式结果
KICK BACK,米津玄師,茨むあん,ibaramuan.js,【歌切】[2026-06-15]星期一定期🎙动漫歌和术力口都喜欢对吧？欢迎初见！ Muan ch.茨むあん,https://www.bilibili.com/video/BV18FjT65EJJ?p=13,BV18FjT65EJJ,13,1781555182,2026-06-16 04:26:22,仅合集/视频标题含术力口上下文，歌名/歌手字段无直接证据，未纳入正式结果
ちゅ、多様性。,ano,茨むあん,ibaramuan.js,【歌切】[2026-06-15]星期一定期🎙动漫歌和术力口都喜欢对吧？欢迎初见！ Muan ch.茨むあん,https://www.bilibili.com/video/BV18FjT65EJJ?p=14,BV18FjT65EJJ,14,1781555182,2026-06-16 04:26:22,仅合集/视频标题含术力口上下文，歌名/歌手字段无直接证据，未纳入正式结果
忘れてやらない,結束バンド,茨むあん,ibaramuan.js,【歌切】[2026-06-15]星期一定期🎙动漫歌和术力口都喜欢对吧？欢迎初见！ Muan ch.茨むあん,https://www.bilibili.com/video/BV18FjT65EJJ?p=17,BV18FjT65EJJ,17,1781555182,2026-06-16 04:26:22,仅合集/视频标题含术力口上下文，歌名/歌手字段无直接证据，未纳入正式结果
青春コンプレックス,結束バンド,茨むあん,ibaramuan.js,【歌切】[2026-06-15]星期一定期🎙动漫歌和术力口都喜欢对吧？欢迎初见！ Muan ch.茨むあん,https://www.bilibili.com/video/BV18FjT65EJJ?p=18,BV18FjT65EJJ,18,1781555182,2026-06-16 04:26:22,仅合集/视频标题含术力口上下文，歌名/歌手字段无直接证据，未纳入正式结果
HANABI,いきものがかり,茨むあん,ibaramuan.js,【歌切】[2026-06-15]星期一定期🎙动漫歌和术力口都喜欢对吧？欢迎初见！ Muan ch.茨むあん,https://www.bilibili.com/video/BV18FjT65EJJ?p=21,BV18FjT65EJJ,21,1781555182,2026-06-16 04:26:22,仅合集/视频标题含术力口上下文，歌名/歌手字段无直接证据，未纳入正式结果
うたかた花火,supercell,茨むあん,ibaramuan.js,【歌切】[2026-06-15]星期一定期🎙动漫歌和术力口都喜欢对吧？欢迎初见！ Muan ch.茨むあん,https://www.bilibili.com/video/BV18FjT65EJJ?p=22,BV18FjT65EJJ,22,1781555182,2026-06-16 04:26:22,仅合集/视频标题含术力口上下文，歌名/歌手字段无直接证据，未纳入正式结果
革命道中,アイナ・ジ・エンド,茨むあん,ibaramuan.js,【歌切】[2026-06-15]星期一定期🎙动漫歌和术力口都喜欢对吧？欢迎初见！ Muan ch.茨むあん,https://www.bilibili.com/video/BV18FjT65EJJ?p=25,BV18FjT65EJJ,25,1781555182,2026-06-16 04:26:22,仅合集/视频标题含术力口上下文，歌名/歌手字段无直接证据，未纳入正式结果
アンパンマンのマーチ,ドリーミング,茨むあん,ibaramuan.js,【歌切】[2026-06-15]星期一定期🎙动漫歌和术力口都喜欢对吧？欢迎初见！ Muan ch.茨むあん,https://www.bilibili.com/video/BV18FjT65EJJ?p=26,BV18FjT65EJJ,26,1781555182,2026-06-16 04:26:22,仅合集/视频标题含术力口上下文，歌名/歌手字段无直接证据，未纳入正式结果
ルーム No.4,超学生,紅葉丸,momijimaru.js,【🍁歌切】[2026-06-07]术力口爱好者集合!! 唱完50首术力口才结束✨ 紅葉丸チャンネル Momijimaru,https://www.bilibili.com/video/BV1upEa6pE5A?p=14,BV1upEa6pE5A,14,1780865197,2026-06-08 04:46:37,仅合集/视频标题含术力口上下文，歌名/歌手字段无直接证据，未纳入正式结果
エンドロール,夏代孝明,紅葉丸,momijimaru.js,【🍁歌切】[2026-06-07]术力口爱好者集合!! 唱完50首术力口才结束✨ 紅葉丸チャンネル Momijimaru,https://www.bilibili.com/video/BV1upEa6pE5A?p=42,BV1upEa6pE5A,42,1780865197,2026-06-08 04:46:37,仅合集/视频标题含术力口上下文，歌名/歌手字段无直接证据，未纳入正式结果
気まぐれロマンティック,いきものがかり,茨むあん,ibaramuan.js,【歌切】[2026-06-05]动漫、术力口很多！初次见面的朋友也请一定来🌟 Muan ch.茨むあん,https://www.bilibili.com/video/BV1SrEJ6DEVB?p=1,BV1SrEJ6DEVB,1,1780756433,2026-06-06 22:33:53,仅合集/视频标题含术力口上下文，歌名/歌手字段无直接证据，未纳入正式结果
青春ライン,いきものがかり,茨むあん,ibaramuan.js,【歌切】[2026-06-05]动漫、术力口很多！初次见面的朋友也请一定来🌟 Muan ch.茨むあん,https://www.bilibili.com/video/BV1SrEJ6DEVB?p=2,BV1SrEJ6DEVB,2,1780756433,2026-06-06 22:33:53,仅合集/视频标题含术力口上下文，歌名/歌手字段无直接证据，未纳入正式结果
空色デイズ,中川翔子,茨むあん,ibaramuan.js,【歌切】[2026-06-05]动漫、术力口很多！初次见面的朋友也请一定来🌟 Muan ch.茨むあん,https://www.bilibili.com/video/BV1SrEJ6DEVB?p=5,BV1SrEJ6DEVB,5,1780756433,2026-06-06 22:33:53,仅合集/视频标题含术力口上下文，歌名/歌手字段无直接证据，未纳入正式结果
"NO, Thank You!",放課後ティータイム,茨むあん,ibaramuan.js,【歌切】[2026-06-05]动漫、术力口很多！初次见面的朋友也请一定来🌟 Muan ch.茨むあん,https://www.bilibili.com/video/BV1SrEJ6DEVB?p=6,BV1SrEJ6DEVB,6,1780756433,2026-06-06 22:33:53,仅合集/视频标题含术力口上下文，歌名/歌手字段无直接证据，未纳入正式结果
いけないボーダーライン,ワルキューレ,茨むあん,ibaramuan.js,【歌切】[2026-06-05]动漫、术力口很多！初次见面的朋友也请一定来🌟 Muan ch.茨むあん,https://www.bilibili.com/video/BV1SrEJ6DEVB?p=7,BV1SrEJ6DEVB,7,1780756433,2026-06-06 22:33:53,仅合集/视频标题含术力口上下文，歌名/歌手字段无直接证据，未纳入正式结果
ホタルノヒカリ,いきものがかり,茨むあん,ibaramuan.js,【歌切】[2026-06-05]动漫、术力口很多！初次见面的朋友也请一定来🌟 Muan ch.茨むあん,https://www.bilibili.com/video/BV1SrEJ6DEVB?p=8,BV1SrEJ6DEVB,8,1780756433,2026-06-06 22:33:53,仅合集/视频标题含术力口上下文，歌名/歌手字段无直接证据，未纳入正式结果
そばかす,JUDY AND MARY,茨むあん,ibaramuan.js,【歌切】[2026-06-05]动漫、术力口很多！初次见面的朋友也请一定来🌟 Muan ch.茨むあん,https://www.bilibili.com/video/BV1SrEJ6DEVB?p=11,BV1SrEJ6DEVB,11,1780756433,2026-06-06 22:33:53,仅合集/视频标题含术力口上下文，歌名/歌手字段无直接证据，未纳入正式结果
YUME日和,島谷ひとみ,茨むあん,ibaramuan.js,【歌切】[2026-06-05]动漫、术力口很多！初次见面的朋友也请一定来🌟 Muan ch.茨むあん,https://www.bilibili.com/video/BV1SrEJ6DEVB?p=12,BV1SrEJ6DEVB,12,1780756433,2026-06-06 22:33:53,仅合集/视频标题含术力口上下文，歌名/歌手字段无直接证据，未纳入正式结果
勇者,YOASOBI,茨むあん,ibaramuan.js,【歌切】[2026-06-05]动漫、术力口很多！初次见面的朋友也请一定来🌟 Muan ch.茨むあん,https://www.bilibili.com/video/BV1SrEJ6DEVB?p=15,BV1SrEJ6DEVB,15,1780756433,2026-06-06 22:33:53,仅合集/视频标题含术力口上下文，歌名/歌手字段无直接证据，未纳入正式结果
百花繚乱,幾田りら,茨むあん,ibaramuan.js,【歌切】[2026-06-05]动漫、术力口很多！初次见面的朋友也请一定来🌟 Muan ch.茨むあん,https://www.bilibili.com/video/BV1SrEJ6DEVB?p=16,BV1SrEJ6DEVB,16,1780756433,2026-06-06 22:33:53,仅合集/视频标题含术力口上下文，歌名/歌手字段无直接证据，未纳入正式结果
やさしさに包まれたなら,荒井由実,茨むあん,ibaramuan.js,【歌切】[2026-06-05]动漫、术力口很多！初次见面的朋友也请一定来🌟 Muan ch.茨むあん,https://www.bilibili.com/video/BV1SrEJ6DEVB?p=19,BV1SrEJ6DEVB,19,1780756433,2026-06-06 22:33:53,仅合集/视频标题含术力口上下文，歌名/歌手字段无直接证据，未纳入正式结果
革命道中,アイナ・ジ・エンド,茨むあん,ibaramuan.js,【歌切】[2026-06-05]动漫、术力口很多！初次见面的朋友也请一定来🌟 Muan ch.茨むあん,https://www.bilibili.com/video/BV1SrEJ6DEVB?p=20,BV1SrEJ6DEVB,20,1780756433,2026-06-06 22:33:53,仅合集/视频标题含术力口上下文，歌名/歌手字段无直接证据，未纳入正式结果
アイドル,YOASOBI,茨むあん,ibaramuan.js,【歌切】[2026-06-05]动漫、术力口很多！初次见面的朋友也请一定来🌟 Muan ch.茨むあん,https://www.bilibili.com/video/BV1SrEJ6DEVB?p=23,BV1SrEJ6DEVB,23,1780756433,2026-06-06 22:33:53,仅合集/视频标题含术力口上下文，歌名/歌手字段无直接证据，未纳入正式结果
POP IN 2,B小町(ルビー(CV:伊駒ゆりえ)、有馬かな(CV:潘めぐみ)、MEMちょ(CV:大久保瑠美)),茨むあん,ibaramuan.js,【歌切】[2026-06-05]动漫、术力口很多！初次见面的朋友也请一定来🌟 Muan ch.茨むあん,https://www.bilibili.com/video/BV1SrEJ6DEVB?p=24,BV1SrEJ6DEVB,24,1780756433,2026-06-06 22:33:53,仅合集/视频标题含术力口上下文，歌名/歌手字段无直接证据，未纳入正式结果
ヒトヒラのハナビラ,ステレオポニー,茨むあん,ibaramuan.js,【歌切】[2026-06-05]动漫、术力口很多！初次见面的朋友也请一定来🌟 Muan ch.茨むあん,https://www.bilibili.com/video/BV1SrEJ6DEVB?p=27,BV1SrEJ6DEVB,27,1780756433,2026-06-06 22:33:53,仅合集/视频标题含术力口上下文，歌名/歌手字段无直接证据，未纳入正式结果
LOSER,米津玄師,茨むあん,ibaramuan.js,【歌切】[2026-06-05]动漫、术力口很多！初次见面的朋友也请一定来🌟 Muan ch.茨むあん,https://www.bilibili.com/video/BV1SrEJ6DEVB?p=28,BV1SrEJ6DEVB,28,1780756433,2026-06-06 22:33:53,仅合集/视频标题含术力口上下文，歌名/歌手字段无直接证据，未纳入正式结果
廻廻奇譚,Eve,茨むあん,ibaramuan.js,【歌切】[2026-06-05]动漫、术力口很多！初次见面的朋友也请一定来🌟 Muan ch.茨むあん,https://www.bilibili.com/video/BV1SrEJ6DEVB?p=29,BV1SrEJ6DEVB,29,1780756433,2026-06-06 22:33:53,仅合集/视频标题含术力口上下文，歌名/歌手字段无直接证据，未纳入正式结果
青のすみか,キタニタツヤ,茨むあん,ibaramuan.js,【歌切】[2026-06-05]动漫、术力口很多！初次见面的朋友也请一定来🌟 Muan ch.茨むあん,https://www.bilibili.com/video/BV1SrEJ6DEVB?p=30,BV1SrEJ6DEVB,30,1780756433,2026-06-06 22:33:53,仅合集/视频标题含术力口上下文，歌名/歌手字段无直接证据，未纳入正式结果
Mela!,緑黄色社会,茨むあん,ibaramuan.js,【歌切】[2026-06-05]动漫、术力口很多！初次见面的朋友也请一定来🌟 Muan ch.茨むあん,https://www.bilibili.com/video/BV1SrEJ6DEVB?p=34,BV1SrEJ6DEVB,34,1780756433,2026-06-06 22:33:53,仅合集/视频标题含术力口上下文，歌名/歌手字段无直接证据，未纳入正式结果
絶対敵対メチャキライヤー,メドミア,联动,friends.js,🍯🍁联动歌切 2026-06-02 古椿姫 メル ❌ 紅葉丸 搞笑二人组激情开唱超燃术力口歌曲✊🔥,https://www.bilibili.com/video/BV1AUVr6ZEpE?p=1,BV1AUVr6ZEpE,1,1780430916,2026-06-03 04:08:36,仅合集/视频标题含术力口上下文，歌名/歌手字段无直接证据，未纳入正式结果
月光,はるまきごはん×キタニタツヤ,联动,friends.js,🍯🍁联动歌切 2026-06-02 古椿姫 メル ❌ 紅葉丸 搞笑二人组激情开唱超燃术力口歌曲✊🔥,https://www.bilibili.com/video/BV1AUVr6ZEpE?p=2,BV1AUVr6ZEpE,2,1780430916,2026-06-03 04:08:36,仅合集/视频标题含术力口上下文，歌名/歌手字段无直接证据，未纳入正式结果
magnet recall,湊貴大(流星P),联动,friends.js,🍯🍁联动歌切 2026-06-02 古椿姫 メル ❌ 紅葉丸 搞笑二人组激情开唱超燃术力口歌曲✊🔥,https://www.bilibili.com/video/BV1AUVr6ZEpE?p=6,BV1AUVr6ZEpE,6,1780430916,2026-06-03 04:08:36,仅合集/视频标题含术力口上下文，歌名/歌手字段无直接证据，未纳入正式结果
林檎売りの泡沫少女,yukkedoluce,联动,friends.js,🍯🍁联动歌切 2026-06-02 古椿姫 メル ❌ 紅葉丸 搞笑二人组激情开唱超燃术力口歌曲✊🔥,https://www.bilibili.com/video/BV1AUVr6ZEpE?p=8,BV1AUVr6ZEpE,8,1780430916,2026-06-03 04:08:36,仅合集/视频标题含术力口上下文，歌名/歌手字段无直接证据，未纳入正式结果
D/N/A,Azari,联动,friends.js,🍯🍁联动歌切 2026-06-02 古椿姫 メル ❌ 紅葉丸 搞笑二人组激情开唱超燃术力口歌曲✊🔥,https://www.bilibili.com/video/BV1AUVr6ZEpE?p=9,BV1AUVr6ZEpE,9,1780430916,2026-06-03 04:08:36,仅合集/视频标题含术力口上下文，歌名/歌手字段无直接证据，未纳入正式结果
おおかみは赤ずきんに恋をした,ひとしずく×やま△,联动,friends.js,🍯🍁联动歌切 2026-06-02 古椿姫 メル ❌ 紅葉丸 搞笑二人组激情开唱超燃术力口歌曲✊🔥,https://www.bilibili.com/video/BV1AUVr6ZEpE?p=10,BV1AUVr6ZEpE,10,1780430916,2026-06-03 04:08:36,仅合集/视频标题含术力口上下文，歌名/歌手字段无直接证据，未纳入正式结果
1925,冨田悠斗(とみー/t-pocket),凛々咲,ririsya.js,【🐍歌切】[2026-06-01]术力口歌回 ✧ 唱点令人怀念的术力口曲哦 凛々咲 / Ririsya,https://www.bilibili.com/video/BV1dLVZ6sEj5?p=3,BV1dLVZ6sEj5,3,1780314346,2026-06-01 19:45:46,仅合集/视频标题含术力口上下文，歌名/歌手字段无直接证据，未纳入正式结果
告白予行練習,HoneyWorks,凛々咲,ririsya.js,【🐍歌切】[2026-06-01]术力口歌回 ✧ 唱点令人怀念的术力口曲哦 凛々咲 / Ririsya,https://www.bilibili.com/video/BV1dLVZ6sEj5?p=8,BV1dLVZ6sEj5,8,1780314346,2026-06-01 19:45:46,仅合集/视频标题含术力口上下文，歌名/歌手字段无直接证据，未纳入正式结果
ガランド,ピコン,Figaro,figaro.js,【💐歌切】[2026-05-01]唱很多术力口歌曲的日子！ Figaro,https://www.bilibili.com/video/BV1u6REBgEtH?p=9,BV1u6REBgEtH,9,1777716583,2026-05-02 18:09:43,仅合集/视频标题含术力口上下文，歌名/歌手字段无直接证据，未纳入正式结果
ラブ＆デストロイ,ナポリP,Figaro,figaro.js,【💐歌切】[2026-05-01]唱很多术力口歌曲的日子！ Figaro,https://www.bilibili.com/video/BV1u6REBgEtH?p=10,BV1u6REBgEtH,10,1777716583,2026-05-02 18:09:43,仅合集/视频标题含术力口上下文，歌名/歌手字段无直接证据，未纳入正式结果
ルーマー,ポリスピカデリー,Figaro,figaro.js,【💐歌切】[2026-05-01]唱很多术力口歌曲的日子！ Figaro,https://www.bilibili.com/video/BV1u6REBgEtH?p=17,BV1u6REBgEtH,17,1777716583,2026-05-02 18:09:43,仅合集/视频标题含术力口上下文，歌名/歌手字段无直接证据，未纳入正式结果
曖昧さ回避,ポリスピカデリー,Figaro,figaro.js,【💐歌切】[2026-05-01]唱很多术力口歌曲的日子！ Figaro,https://www.bilibili.com/video/BV1u6REBgEtH?p=18,BV1u6REBgEtH,18,1777716583,2026-05-02 18:09:43,仅合集/视频标题含术力口上下文，歌名/歌手字段无直接证据，未纳入正式结果
再会,はるまきごはん,Figaro,figaro.js,【💐歌切】[2026-05-01]唱很多术力口歌曲的日子！ Figaro,https://www.bilibili.com/video/BV1u6REBgEtH?p=19,BV1u6REBgEtH,19,1777716583,2026-05-02 18:09:43,仅合集/视频标题含术力口上下文，歌名/歌手字段无直接证据，未纳入正式结果
人間だった,ピコン,Figaro,figaro.js,【💐歌切】[2026-05-01]唱很多术力口歌曲的日子！ Figaro,https://www.bilibili.com/video/BV1u6REBgEtH?p=25,BV1u6REBgEtH,25,1777716583,2026-05-02 18:09:43,仅合集/视频标题含术力口上下文，歌名/歌手字段无直接证据，未纳入正式结果
〇〇〇〇〇,やいり,Figaro,figaro.js,【💐歌切】[2026-05-01]唱很多术力口歌曲的日子！ Figaro,https://www.bilibili.com/video/BV1u6REBgEtH?p=26,BV1u6REBgEtH,26,1777716583,2026-05-02 18:09:43,仅合集/视频标题含术力口上下文，歌名/歌手字段无直接证据，未纳入正式结果
波に名前をつけること、僕らの呼吸に終わりがあること。,キタニタツヤ,Figaro,figaro.js,【💐歌切】[2026-05-01]唱很多术力口歌曲的日子！ Figaro,https://www.bilibili.com/video/BV1u6REBgEtH?p=27,BV1u6REBgEtH,27,1777716583,2026-05-02 18:09:43,仅合集/视频标题含术力口上下文，歌名/歌手字段无直接证据，未纳入正式结果
君が夜の海に還るまで,キタニタツヤ,Figaro,figaro.js,【💐歌切】[2026-05-01]唱很多术力口歌曲的日子！ Figaro,https://www.bilibili.com/video/BV1u6REBgEtH?p=28,BV1u6REBgEtH,28,1777716583,2026-05-02 18:09:43,仅合集/视频标题含术力口上下文，歌名/歌手字段无直接证据，未纳入正式结果
美人局,是,CULUA,culua.js,【歌切】[2026-04-02]术力口限定歌回 Culua′s 精选歌单第28弹 CULUA,https://www.bilibili.com/video/BV1tEQhBAERD?p=1,BV1tEQhBAERD,1,1776098463,2026-04-14 00:41:03,仅合集/视频标题含术力口上下文，歌名/歌手字段无直接证据，未纳入正式结果
あとのまつり,Peg,CULUA,culua.js,【歌切】[2026-04-02]术力口限定歌回 Culua′s 精选歌单第28弹 CULUA,https://www.bilibili.com/video/BV1tEQhBAERD?p=2,BV1tEQhBAERD,2,1776098463,2026-04-14 00:41:03,仅合集/视频标题含术力口上下文，歌名/歌手字段无直接证据，未纳入正式结果
あわよくばきみの眷属になりたいな,Peg,CULUA,culua.js,【歌切】[2026-04-02]术力口限定歌回 Culua′s 精选歌单第28弹 CULUA,https://www.bilibili.com/video/BV1tEQhBAERD?p=3,BV1tEQhBAERD,3,1776098463,2026-04-14 00:41:03,仅合集/视频标题含术力口上下文，歌名/歌手字段无直接证据，未纳入正式结果
GARBAGE,あめのむらくもP,CULUA,culua.js,【歌切】[2026-04-02]术力口限定歌回 Culua′s 精选歌单第28弹 CULUA,https://www.bilibili.com/video/BV1tEQhBAERD?p=7,BV1tEQhBAERD,7,1776098463,2026-04-14 00:41:03,仅合集/视频标题含术力口上下文，歌名/歌手字段无直接证据，未纳入正式结果
daze,じん／MARiA,非常驻妹妹,others.js,いくぜ! 42首术力口 2026-03-16 _1uVja1r1qU,https://www.bilibili.com/video/BV16TwUzfEXQ?p=18,BV16TwUzfEXQ,18,1773688806,2026-03-17 03:20:06,仅合集/视频标题含术力口上下文，歌名/歌手字段无直接证据，未纳入正式结果
夜もすがら君想ふ,TOKOTOKO(西沢さんP),非常驻妹妹,others.js,いくぜ! 42首术力口 2026-03-16 _1uVja1r1qU,https://www.bilibili.com/video/BV16TwUzfEXQ?p=34,BV16TwUzfEXQ,34,1773688806,2026-03-17 03:20:06,仅合集/视频标题含术力口上下文，歌名/歌手字段无直接证据，未纳入正式结果
ドラマツルギー,Eve,なれたん,naraetan.js,[2026-02-10]ボカロ曲縛りで歌うよ💚I’ll be singing Vocaloid songs only[なれたん Naraetan Ch.🌷],https://www.bilibili.com/video/BV12uc5ziEQZ?p=1,BV12uc5ziEQZ,1,1771273200,2026-02-17 04:20:00,仅合集/视频标题含术力口上下文，歌名/歌手字段无直接证据，未纳入正式结果
踊れオーケストラ,YASUHIRO(康寛),なれたん,naraetan.js,[2026-02-10]ボカロ曲縛りで歌うよ💚I’ll be singing Vocaloid songs only[なれたん Naraetan Ch.🌷],https://www.bilibili.com/video/BV12uc5ziEQZ?p=6,BV12uc5ziEQZ,6,1771273200,2026-02-17 04:20:00,仅合集/视频标题含术力口上下文，歌名/歌手字段无直接证据，未纳入正式结果
スキキライ,HoneyWorks,なれたん,naraetan.js,[2026-02-10]ボカロ曲縛りで歌うよ💚I’ll be singing Vocaloid songs only[なれたん Naraetan Ch.🌷],https://www.bilibili.com/video/BV12uc5ziEQZ?p=7,BV12uc5ziEQZ,7,1771273200,2026-02-17 04:20:00,仅合集/视频标题含术力口上下文，歌名/歌手字段无直接证据，未纳入正式结果
ドナーソング,れるりり×もじゃ,なれたん,naraetan.js,[2026-02-10]ボカロ曲縛りで歌うよ💚I’ll be singing Vocaloid songs only[なれたん Naraetan Ch.🌷],https://www.bilibili.com/video/BV12uc5ziEQZ?p=10,BV12uc5ziEQZ,10,1771273200,2026-02-17 04:20:00,仅合集/视频标题含术力口上下文，歌名/歌手字段无直接证据，未纳入正式结果
銭に愛を,sabio,優莉 yuri,yuri.js,【優莉（ゆうり）歌切】[2026-01-22]好きなボカロ曲歌います！ [rjY_6Fj_I3s],https://www.bilibili.com/video/BV1uwzcBEEGJ?p=4,BV1uwzcBEEGJ,4,1769107125,2026-01-23 02:38:45,仅合集/视频标题含术力口上下文，歌名/歌手字段无直接证据，未纳入正式结果
消えろ,優莉,優莉 yuri,yuri.js,【優莉（ゆうり）歌切】[2026-01-22]好きなボカロ曲歌います！ [rjY_6Fj_I3s],https://www.bilibili.com/video/BV1uwzcBEEGJ?p=5,BV1uwzcBEEGJ,5,1769107125,2026-01-23 02:38:45,仅合集/视频标题含术力口上下文，歌名/歌手字段无直接证据，未纳入正式结果
残贈,優莉,優莉 yuri,yuri.js,【優莉（ゆうり）歌切】[2026-01-22]好きなボカロ曲歌います！ [rjY_6Fj_I3s],https://www.bilibili.com/video/BV1uwzcBEEGJ?p=6,BV1uwzcBEEGJ,6,1769107125,2026-01-23 02:38:45,仅合集/视频标题含术力口上下文，歌名/歌手字段无直接证据，未纳入正式结果
星に名前を,優莉,優莉 yuri,yuri.js,【優莉（ゆうり）歌切】[2026-01-22]好きなボカロ曲歌います！ [rjY_6Fj_I3s],https://www.bilibili.com/video/BV1uwzcBEEGJ?p=9,BV1uwzcBEEGJ,9,1769107125,2026-01-23 02:38:45,仅合集/视频标题含术力口上下文，歌名/歌手字段无直接证据，未纳入正式结果
Enter!,優莉,優莉 yuri,yuri.js,【優莉（ゆうり）歌切】[2026-01-22]好きなボカロ曲歌います！ [rjY_6Fj_I3s],https://www.bilibili.com/video/BV1uwzcBEEGJ?p=10,BV1uwzcBEEGJ,10,1769107125,2026-01-23 02:38:45,仅合集/视频标题含术力口上下文，歌名/歌手字段无直接证据，未纳入正式结果
paranoia,つなまる(めざめP),むんもっしゅ,MunMosh.js,【🌙🎀 むんもっしゅ 歌切】[2026-01-20]古のボカロを弾き語り🎸[OH7FXW6Y7Qk].mp4,https://www.bilibili.com/video/BV13vzJBBEkY?p=4,BV13vzJBBEkY,4,1769020804,2026-01-22 02:40:04,仅合集/视频标题含术力口上下文，歌名/歌手字段无直接证据，未纳入正式结果
プラトニック・ラヴ,メル,むんもっしゅ,MunMosh.js,【🌙🎀 むんもっしゅ 歌切】[2026-01-20]古のボカロを弾き語り🎸[OH7FXW6Y7Qk].mp4,https://www.bilibili.com/video/BV13vzJBBEkY?p=7,BV13vzJBBEkY,7,1769020804,2026-01-22 02:40:04,仅合集/视频标题含术力口上下文，歌名/歌手字段无直接证据，未纳入正式结果
いかないで,想太,むんもっしゅ,MunMosh.js,【🌙🎀 むんもっしゅ 歌切】[2026-01-20]古のボカロを弾き語り🎸[OH7FXW6Y7Qk].mp4,https://www.bilibili.com/video/BV13vzJBBEkY?p=8,BV13vzJBBEkY,8,1769020804,2026-01-22 02:40:04,仅合集/视频标题含术力口上下文，歌名/歌手字段无直接证据，未纳入正式结果
"rain stops, good-bye",におP,むんもっしゅ,MunMosh.js,【🌙🎀 むんもっしゅ 歌切】[2026-01-20]古のボカロを弾き語り🎸[OH7FXW6Y7Qk].mp4,https://www.bilibili.com/video/BV13vzJBBEkY?p=15,BV13vzJBBEkY,15,1769020804,2026-01-22 02:40:04,仅合集/视频标题含术力口上下文，歌名/歌手字段无直接证据，未纳入正式结果
曖昧さ回避,ポリスピカデリー,Figaro,figaro.js,【💐Figaro 歌切】[2025-12-26]【歌枠】初見さんようこそ～！今日はボカロたくさん歌っちゃお！,https://www.bilibili.com/video/BV1LzvvBjEUZ?p=9,BV1LzvvBjEUZ,9,1766864122,2025-12-28 03:35:22,仅合集/视频标题含术力口上下文，歌名/歌手字段无直接证据，未纳入正式结果
春に一番近い街,40メートルP,Figaro,figaro.js,【💐Figaro 歌切】[2025-12-26]【歌枠】初見さんようこそ～！今日はボカロたくさん歌っちゃお！,https://www.bilibili.com/video/BV1LzvvBjEUZ?p=10,BV1LzvvBjEUZ,10,1766864122,2025-12-28 03:35:22,仅合集/视频标题含术力口上下文，歌名/歌手字段无直接证据，未纳入正式结果
ムーン,tama,Figaro,figaro.js,【💐Figaro 歌切】[2025-12-26]【歌枠】初見さんようこそ～！今日はボカロたくさん歌っちゃお！,https://www.bilibili.com/video/BV1LzvvBjEUZ?p=14,BV1LzvvBjEUZ,14,1766864122,2025-12-28 03:35:22,仅合集/视频标题含术力口上下文，歌名/歌手字段无直接证据，未纳入正式结果
7150日,瀬名航,Figaro,figaro.js,【💐Figaro 歌切】[2025-12-26]【歌枠】初見さんようこそ～！今日はボカロたくさん歌っちゃお！,https://www.bilibili.com/video/BV1LzvvBjEUZ?p=15,BV1LzvvBjEUZ,15,1766864122,2025-12-28 03:35:22,仅合集/视频标题含术力口上下文，歌名/歌手字段无直接证据，未纳入正式结果
鳳仙花,黒澤まどか,Figaro,figaro.js,【💐Figaro 歌切】[2025-12-26]【歌枠】初見さんようこそ～！今日はボカロたくさん歌っちゃお！,https://www.bilibili.com/video/BV1LzvvBjEUZ?p=16,BV1LzvvBjEUZ,16,1766864122,2025-12-28 03:35:22,仅合集/视频标题含术力口上下文，歌名/歌手字段无直接证据，未纳入正式结果
再会,はるまきごはん,Figaro,figaro.js,【💐Figaro 歌切】[2025-12-26]【歌枠】初見さんようこそ～！今日はボカロたくさん歌っちゃお！,https://www.bilibili.com/video/BV1LzvvBjEUZ?p=19,BV1LzvvBjEUZ,19,1766864122,2025-12-28 03:35:22,仅合集/视频标题含术力口上下文，歌名/歌手字段无直接证据，未纳入正式结果
悪魔の踊り方,キタニタツヤ,Figaro,figaro.js,【Figaro】不输给低气压的 Vocaloid 限定！的安排！ #2025年10月31日,https://www.bilibili.com/video/BV1RUyQB2Eve?p=1,BV1RUyQB2Eve,1,1762029774,2025-11-02 04:42:54,仅合集/视频标题含术力口上下文，歌名/歌手字段无直接证据，未纳入正式结果
月光,キタニタツヤ × はるまきごはん,Figaro,figaro.js,【Figaro】不输给低气压的 Vocaloid 限定！的安排！ #2025年10月31日,https://www.bilibili.com/video/BV1RUyQB2Eve?p=7,BV1RUyQB2Eve,7,1762029774,2025-11-02 04:42:54,仅合集/视频标题含术力口上下文，歌名/歌手字段无直接证据，未纳入正式结果
ルーマー,ポリスピカデリー,Figaro,figaro.js,【Figaro】不输给低气压的 Vocaloid 限定！的安排！ #2025年10月31日,https://www.bilibili.com/video/BV1RUyQB2Eve?p=15,BV1RUyQB2Eve,15,1762029774,2025-11-02 04:42:54,仅合集/视频标题含术力口上下文，歌名/歌手字段无直接证据，未纳入正式结果
人間だった,ピコン,Figaro,figaro.js,【Figaro】不输给低气压的 Vocaloid 限定！的安排！ #2025年10月31日,https://www.bilibili.com/video/BV1RUyQB2Eve?p=19,BV1RUyQB2Eve,19,1762029774,2025-11-02 04:42:54,仅合集/视频标题含术力口上下文，歌名/歌手字段无直接证据，未纳入正式结果
自傷無色,ササノマリイ,Figaro,figaro.js,【Figaro】不输给低气压的 Vocaloid 限定！的安排！ #2025年10月31日,https://www.bilibili.com/video/BV1RUyQB2Eve?p=20,BV1RUyQB2Eve,20,1762029774,2025-11-02 04:42:54,仅合集/视频标题含术力口上下文，歌名/歌手字段无直接证据，未纳入正式结果
戯言スピーカー,ササノマリイ,Figaro,figaro.js,【Figaro】不输给低气压的 Vocaloid 限定！的安排！ #2025年10月31日,https://www.bilibili.com/video/BV1RUyQB2Eve?p=21,BV1RUyQB2Eve,21,1762029774,2025-11-02 04:42:54,仅合集/视频标题含术力口上下文，歌名/歌手字段无直接证据，未纳入正式结果
老人と海,ヨルシカ,Figaro,figaro.js,【Figaro】下午的悠闲全曲风歌枠🎤| J-POP、动漫歌曲、VOCALOID etc.,https://www.bilibili.com/video/BV1VhJNzKEow?p=1,BV1VhJNzKEow,1,1747501200,2025-05-18 01:00:00,仅合集/视频标题含术力口上下文，歌名/歌手字段无直接证据，未纳入正式结果
詩書きとコーヒー,ヨルシカ,Figaro,figaro.js,【Figaro】下午的悠闲全曲风歌枠🎤| J-POP、动漫歌曲、VOCALOID etc.,https://www.bilibili.com/video/BV1VhJNzKEow?p=2,BV1VhJNzKEow,2,1747501200,2025-05-18 01:00:00,仅合集/视频标题含术力口上下文，歌名/歌手字段无直接证据，未纳入正式结果
心に穴が空いた,ヨルシカ,Figaro,figaro.js,【Figaro】下午的悠闲全曲风歌枠🎤| J-POP、动漫歌曲、VOCALOID etc.,https://www.bilibili.com/video/BV1VhJNzKEow?p=3,BV1VhJNzKEow,3,1747501200,2025-05-18 01:00:00,仅合集/视频标题含术力口上下文，歌名/歌手字段无直接证据，未纳入正式结果
GHOST,星街すいせい,Figaro,figaro.js,【Figaro】下午的悠闲全曲风歌枠🎤| J-POP、动漫歌曲、VOCALOID etc.,https://www.bilibili.com/video/BV1VhJNzKEow?p=4,BV1VhJNzKEow,4,1747501200,2025-05-18 01:00:00,仅合集/视频标题含术力口上下文，歌名/歌手字段无直接证据，未纳入正式结果
花は桜 君は美し,いきものがかり,Figaro,figaro.js,【Figaro】下午的悠闲全曲风歌枠🎤| J-POP、动漫歌曲、VOCALOID etc.,https://www.bilibili.com/video/BV1VhJNzKEow?p=5,BV1VhJNzKEow,5,1747501200,2025-05-18 01:00:00,仅合集/视频标题含术力口上下文，歌名/歌手字段无直接证据，未纳入正式结果
鬼ノ宴,友成空,Figaro,figaro.js,【Figaro】下午的悠闲全曲风歌枠🎤| J-POP、动漫歌曲、VOCALOID etc.,https://www.bilibili.com/video/BV1VhJNzKEow?p=6,BV1VhJNzKEow,6,1747501200,2025-05-18 01:00:00,仅合集/视频标题含术力口上下文，歌名/歌手字段无直接证据，未纳入正式结果
月光,キタニタツヤ × はるまきごはん,Figaro,figaro.js,【Figaro】下午的悠闲全曲风歌枠🎤| J-POP、动漫歌曲、VOCALOID etc.,https://www.bilibili.com/video/BV1VhJNzKEow?p=14,BV1VhJNzKEow,14,1747501200,2025-05-18 01:00:00,仅合集/视频标题含术力口上下文，歌名/歌手字段无直接证据，未纳入正式结果
ガランド,ピコン,Figaro,figaro.js,【Figaro】下午的悠闲全曲风歌枠🎤| J-POP、动漫歌曲、VOCALOID etc.,https://www.bilibili.com/video/BV1VhJNzKEow?p=17,BV1VhJNzKEow,17,1747501200,2025-05-18 01:00:00,仅合集/视频标题含术力口上下文，歌名/歌手字段无直接证据，未纳入正式结果
人間だった,ピコン,Figaro,figaro.js,【Figaro】下午的悠闲全曲风歌枠🎤| J-POP、动漫歌曲、VOCALOID etc.,https://www.bilibili.com/video/BV1VhJNzKEow?p=18,BV1VhJNzKEow,18,1747501200,2025-05-18 01:00:00,仅合集/视频标题含术力口上下文，歌名/歌手字段无直接证据，未纳入正式结果
センチメンタルな愛慕心,なつめ千秋,Figaro,figaro.js,【Figaro】ボカロ歌回！【 歌枠】センチメンタルな愛慕心、ロミオとシンデレラ,https://www.bilibili.com/video/BV18EX6YqE1R?p=1,BV18EX6YqE1R,1,1742523628,2025-03-21 10:20:28,仅合集/视频标题含术力口上下文，歌名/歌手字段无直接证据，未纳入正式结果
ライカ,yamada,Figaro,figaro.js,【Figaro】ボカロ歌回！【 歌枠】センチメンタルな愛慕心、ロミオとシンデレラ,https://www.bilibili.com/video/BV18EX6YqE1R?p=2,BV18EX6YqE1R,2,1742523628,2025-03-21 10:20:28,仅合集/视频标题含术力口上下文，歌名/歌手字段无直接证据，未纳入正式结果
春に一番近い街,40メートルP,Figaro,figaro.js,【Figaro】ボカロ歌回！【 歌枠】センチメンタルな愛慕心、ロミオとシンデレラ,https://www.bilibili.com/video/BV18EX6YqE1R?p=3,BV18EX6YqE1R,3,1742523628,2025-03-21 10:20:28,仅合集/视频标题含术力口上下文，歌名/歌手字段无直接证据，未纳入正式结果
翡翠のまち,メル,Figaro,figaro.js,【Figaro】ボカロ歌回！【 歌枠】センチメンタルな愛慕心、ロミオとシンデレラ,https://www.bilibili.com/video/BV18EX6YqE1R?p=4,BV18EX6YqE1R,4,1742523628,2025-03-21 10:20:28,仅合集/视频标题含术力口上下文，歌名/歌手字段无直接证据，未纳入正式结果
さようなら、花泥棒さん,メル,Figaro,figaro.js,【Figaro】ボカロ歌回！【 歌枠】センチメンタルな愛慕心、ロミオとシンデレラ,https://www.bilibili.com/video/BV18EX6YqE1R?p=5,BV18EX6YqE1R,5,1742523628,2025-03-21 10:20:28,仅合集/视频标题含术力口上下文，歌名/歌手字段无直接证据，未纳入正式结果
ルーマー,ポリスピカデリー,Figaro,figaro.js,【Figaro】ボカロ歌回！【 歌枠】センチメンタルな愛慕心、ロミオとシンデレラ,https://www.bilibili.com/video/BV18EX6YqE1R?p=13,BV18EX6YqE1R,13,1742523628,2025-03-21 10:20:28,仅合集/视频标题含术力口上下文，歌名/歌手字段无直接证据，未纳入正式结果
ムーン,tama,Figaro,figaro.js,【Figaro】ボカロ歌回！【 歌枠】センチメンタルな愛慕心、ロミオとシンデレラ,https://www.bilibili.com/video/BV18EX6YqE1R?p=16,BV18EX6YqE1R,16,1742523628,2025-03-21 10:20:28,仅合集/视频标题含术力口上下文，歌名/歌手字段无直接证据，未纳入正式结果
福寿草,ぐにょ,Figaro,figaro.js,【Figaro】ボカロ歌回！【 歌枠】センチメンタルな愛慕心、ロミオとシンデレラ,https://www.bilibili.com/video/BV18EX6YqE1R?p=17,BV18EX6YqE1R,17,1742523628,2025-03-21 10:20:28,仅合集/视频标题含术力口上下文，歌名/歌手字段无直接证据，未纳入正式结果
ライカ,yamada,Figaro,figaro.js,【Figaro】ボカロ限定歌回！ 25 2024年12月18日,https://www.bilibili.com/video/BV1p3ktYtEMX?p=6,BV1p3ktYtEMX,6,1734785460,2024-12-21 20:51:00,仅合集/视频标题含术力口上下文，歌名/歌手字段无直接证据，未纳入正式结果
スロウダウナー,ろくろ,Figaro,figaro.js,【Figaro】ボカロ限定歌回！ 25 2024年12月18日,https://www.bilibili.com/video/BV1p3ktYtEMX?p=9,BV1p3ktYtEMX,9,1734785460,2024-12-21 20:51:00,仅合集/视频标题含术力口上下文，歌名/歌手字段无直接证据，未纳入正式结果
カガリビト,millstones,Figaro,figaro.js,【Figaro】ボカロ限定歌回！ 25 2024年12月18日,https://www.bilibili.com/video/BV1p3ktYtEMX?p=12,BV1p3ktYtEMX,12,1734785460,2024-12-21 20:51:00,仅合集/视频标题含术力口上下文，歌名/歌手字段无直接证据，未纳入正式结果
ルーマー,ポリスピカデリー,Figaro,figaro.js,【Figaro】ボカロ限定歌回！ 25 2024年12月18日,https://www.bilibili.com/video/BV1p3ktYtEMX?p=15,BV1p3ktYtEMX,15,1734785460,2024-12-21 20:51:00,仅合集/视频标题含术力口上下文，歌名/歌手字段无直接证据，未纳入正式结果
君の脈で踊りたかった,ピコン,Figaro,figaro.js,【Figaro】ボカロ限定歌回！ 25 2024年12月18日,https://www.bilibili.com/video/BV1p3ktYtEMX?p=16,BV1p3ktYtEMX,16,1734785460,2024-12-21 20:51:00,仅合集/视频标题含术力口上下文，歌名/歌手字段无直接证据，未纳入正式结果
人間だった,ピコン,Figaro,figaro.js,【Figaro】ボカロ限定歌回！ 25 2024年12月18日,https://www.bilibili.com/video/BV1p3ktYtEMX?p=17,BV1p3ktYtEMX,17,1734785460,2024-12-21 20:51:00,仅合集/视频标题含术力口上下文，歌名/歌手字段无直接证据，未纳入正式结果
サインはＢ,B小町,よしか🦍,yoshika.js,【YOSHIKA⁂Ch.】17横屏】少见的，全是Vocaloid翻唱~庆祝正式出道的歌回【20241023】,https://www.bilibili.com/video/BV1Ns1PYGErx?p=13,BV1Ns1PYGErx,13,1729736333,2024-10-24 10:18:53,仅合集/视频标题含术力口上下文，歌名/歌手字段无直接证据，未纳入正式结果
アイドル,YOASOBI,よしか🦍,yoshika.js,【YOSHIKA⁂Ch.】17横屏】少见的，全是Vocaloid翻唱~庆祝正式出道的歌回【20241023】,https://www.bilibili.com/video/BV1Ns1PYGErx?p=14,BV1Ns1PYGErx,14,1729736333,2024-10-24 10:18:53,仅合集/视频标题含术力口上下文，歌名/歌手字段无直接证据，未纳入正式结果
ray,BUMP OF CHICKEN,AZKi,azki.js,AZKi 2026年02月04日22点场 超かぐや姫！が良すぎたので、ボカロ縛りで歌うよおおおおお！！！！！Singing Stream,https://www.bilibili.com/video/BV1Sa1dYtEsj?p=9,BV1Sa1dYtEsj,9,1728148285,2024-10-06 01:11:25,仅合集/视频标题含术力口上下文，歌名/歌手字段无直接证据，未纳入正式结果
春よ、来い,松任谷由実,AZKi,azki.js,AZKi 2026年03月16日22点场 春に聴きたい曲！歌う～～～！！！J-POP・アニソン・ボカロ Singing Stream,https://www.bilibili.com/video/BV1D81dYfEk4?p=1,BV1D81dYfEk4,1,1728148270,2024-10-06 01:11:10,仅合集/视频标题含术力口上下文，歌名/歌手字段无直接证据，未纳入正式结果
3月9日,レミオロメン,AZKi,azki.js,AZKi 2026年03月16日22点场 春に聴きたい曲！歌う～～～！！！J-POP・アニソン・ボカロ Singing Stream,https://www.bilibili.com/video/BV1D81dYfEk4?p=2,BV1D81dYfEk4,2,1728148270,2024-10-06 01:11:10,仅合集/视频标题含术力口上下文，歌名/歌手字段无直接证据，未纳入正式结果
春泥棒,ヨルシカ,AZKi,azki.js,AZKi 2026年03月16日22点场 春に聴きたい曲！歌う～～～！！！J-POP・アニソン・ボカロ Singing Stream,https://www.bilibili.com/video/BV1D81dYfEk4?p=3,BV1D81dYfEk4,3,1728148270,2024-10-06 01:11:10,仅合集/视频标题含术力口上下文，歌名/歌手字段无直接证据，未纳入正式结果
CLEAR,坂本真綾,AZKi,azki.js,AZKi 2026年03月16日22点场 春に聴きたい曲！歌う～～～！！！J-POP・アニソン・ボカロ Singing Stream,https://www.bilibili.com/video/BV1D81dYfEk4?p=4,BV1D81dYfEk4,4,1728148270,2024-10-06 01:11:10,仅合集/视频标题含术力口上下文，歌名/歌手字段无直接证据，未纳入正式结果
覚えてていいよ,KOTOKO,AZKi,azki.js,AZKi 2026年03月16日22点场 春に聴きたい曲！歌う～～～！！！J-POP・アニソン・ボカロ Singing Stream,https://www.bilibili.com/video/BV1D81dYfEk4?p=5,BV1D81dYfEk4,5,1728148270,2024-10-06 01:11:10,仅合集/视频标题含术力口上下文，歌名/歌手字段无直接证据，未纳入正式结果
キライチューン,FREENOTE,AZKi,azki.js,AZKi 2026年03月16日22点场 春に聴きたい曲！歌う～～～！！！J-POP・アニソン・ボカロ Singing Stream,https://www.bilibili.com/video/BV1D81dYfEk4?p=6,BV1D81dYfEk4,6,1728148270,2024-10-06 01:11:10,仅合集/视频标题含术力口上下文，歌名/歌手字段无直接证据，未纳入正式结果
ホウキ雲,RYTHEM,AZKi,azki.js,AZKi 2026年03月16日22点场 春に聴きたい曲！歌う～～～！！！J-POP・アニソン・ボカロ Singing Stream,https://www.bilibili.com/video/BV1D81dYfEk4?p=7,BV1D81dYfEk4,7,1728148270,2024-10-06 01:11:10,仅合集/视频标题含术力口上下文，歌名/歌手字段无直接证据，未纳入正式结果
ODD＆ENDS,ryo(supercell),AZKi,azki.js,AZKi 2026年03月16日22点场 春に聴きたい曲！歌う～～～！！！J-POP・アニソン・ボカロ Singing Stream,https://www.bilibili.com/video/BV1D81dYfEk4?p=8,BV1D81dYfEk4,8,1728148270,2024-10-06 01:11:10,仅合集/视频标题含术力口上下文，歌名/歌手字段无直接证据，未纳入正式结果
さよならメモリーズ,ryo(supercell),AZKi,azki.js,AZKi 2026年03月16日22点场 春に聴きたい曲！歌う～～～！！！J-POP・アニソン・ボカロ Singing Stream,https://www.bilibili.com/video/BV1D81dYfEk4?p=9,BV1D81dYfEk4,9,1728148270,2024-10-06 01:11:10,仅合集/视频标题含术力口上下文，歌名/歌手字段无直接证据，未纳入正式结果
晴る,ヨルシカ,AZKi,azki.js,AZKi 2026年03月16日22点场 春に聴きたい曲！歌う～～～！！！J-POP・アニソン・ボカロ Singing Stream,https://www.bilibili.com/video/BV1D81dYfEk4?p=10,BV1D81dYfEk4,10,1728148270,2024-10-06 01:11:10,仅合集/视频标题含术力口上下文，歌名/歌手字段无直接证据，未纳入正式结果
Sincerely,TRUE,AZKi,azki.js,AZKi 2026年03月16日22点场 春に聴きたい曲！歌う～～～！！！J-POP・アニソン・ボカロ Singing Stream,https://www.bilibili.com/video/BV1D81dYfEk4?p=11,BV1D81dYfEk4,11,1728148270,2024-10-06 01:11:10,仅合集/视频标题含术力口上下文，歌名/歌手字段无直接证据，未纳入正式结果
Astrogation,水樹奈々,AZKi,azki.js,AZKi 2025年02月28日21点场 のーぷらんで歌う～～～！！！アニソン・J-POP・ボカロ・声優ソング / Singing Stream,https://www.bilibili.com/video/BV16m19YzE7R?p=1,BV16m19YzE7R,1,1728132666,2024-10-05 20:51:06,仅合集/视频标题含术力口上下文，歌名/歌手字段无直接证据，未纳入正式结果
fancy baby doll,田村ゆかり,AZKi,azki.js,AZKi 2025年02月28日21点场 のーぷらんで歌う～～～！！！アニソン・J-POP・ボカロ・声優ソング / Singing Stream,https://www.bilibili.com/video/BV16m19YzE7R?p=2,BV16m19YzE7R,2,1728132666,2024-10-05 20:51:06,仅合集/视频标题含术力口上下文，歌名/歌手字段无直接证据，未纳入正式结果
なのです☆,羽入(堀江由衣),AZKi,azki.js,AZKi 2025年02月28日21点场 のーぷらんで歌う～～～！！！アニソン・J-POP・ボカロ・声優ソング / Singing Stream,https://www.bilibili.com/video/BV16m19YzE7R?p=3,BV16m19YzE7R,3,1728132666,2024-10-05 20:51:06,仅合集/视频标题含术力口上下文，歌名/歌手字段无直接证据，未纳入正式结果
ヘミソフィア,坂本真綾,AZKi,azki.js,AZKi 2025年02月28日21点场 のーぷらんで歌う～～～！！！アニソン・J-POP・ボカロ・声優ソング / Singing Stream,https://www.bilibili.com/video/BV16m19YzE7R?p=4,BV16m19YzE7R,4,1728132666,2024-10-05 20:51:06,仅合集/视频标题含术力口上下文，歌名/歌手字段无直接证据，未纳入正式结果
デート・ア・ライブ,sweet ARMS,AZKi,azki.js,AZKi 2025年02月28日21点场 のーぷらんで歌う～～～！！！アニソン・J-POP・ボカロ・声優ソング / Singing Stream,https://www.bilibili.com/video/BV16m19YzE7R?p=5,BV16m19YzE7R,5,1728132666,2024-10-05 20:51:06,仅合集/视频标题含术力口上下文，歌名/歌手字段无直接证据，未纳入正式结果
一度だけの恋なら,ワルキューレ,AZKi,azki.js,AZKi 2025年02月28日21点场 のーぷらんで歌う～～～！！！アニソン・J-POP・ボカロ・声優ソング / Singing Stream,https://www.bilibili.com/video/BV16m19YzE7R?p=6,BV16m19YzE7R,6,1728132666,2024-10-05 20:51:06,仅合集/视频标题含术力口上下文，歌名/歌手字段无直接证据，未纳入正式结果
愛・おぼえていますか,ワルキューレ,AZKi,azki.js,AZKi 2025年02月28日21点场 のーぷらんで歌う～～～！！！アニソン・J-POP・ボカロ・声優ソング / Singing Stream,https://www.bilibili.com/video/BV16m19YzE7R?p=7,BV16m19YzE7R,7,1728132666,2024-10-05 20:51:06,仅合集/视频标题含术力口上下文，歌名/歌手字段无直接证据，未纳入正式结果
藍二乗,ヨルシカ,AZKi,azki.js,AZKi 2025年02月28日21点场 のーぷらんで歌う～～～！！！アニソン・J-POP・ボカロ・声優ソング / Singing Stream,https://www.bilibili.com/video/BV16m19YzE7R?p=9,BV16m19YzE7R,9,1728132666,2024-10-05 20:51:06,仅合集/视频标题含术力口上下文，歌名/歌手字段无直接证据，未纳入正式结果
鯨,Buzy,AZKi,azki.js,AZKi 2025年02月28日21点场 のーぷらんで歌う～～～！！！アニソン・J-POP・ボカロ・声優ソング / Singing Stream,https://www.bilibili.com/video/BV16m19YzE7R?p=10,BV16m19YzE7R,10,1728132666,2024-10-05 20:51:06,仅合集/视频标题含术力口上下文，歌名/歌手字段无直接证据，未纳入正式结果
Avid,SawanoHiroyuki[nZk]:mizuki,AZKi,azki.js,AZKi 2025年11月28日23点场 深夜にしっとり歌います🌙アニソン・J-POP・ボカロ・声優ソング / SINGING STREAM,https://www.bilibili.com/video/BV1fu19YvEa3?p=1,BV1fu19YvEa3,1,1728110237,2024-10-05 14:37:17,仅合集/视频标题含术力口上下文，歌名/歌手字段无直接证据，未纳入正式结果
ninelie,Aimer with chelly(EGOIST),AZKi,azki.js,AZKi 2025年11月28日23点场 深夜にしっとり歌います🌙アニソン・J-POP・ボカロ・声優ソング / SINGING STREAM,https://www.bilibili.com/video/BV1fu19YvEa3?p=2,BV1fu19YvEa3,2,1728110237,2024-10-05 14:37:17,仅合集/视频标题含术力口上下文，歌名/歌手字段无直接证据，未纳入正式结果
Planetes,EGOIST,AZKi,azki.js,AZKi 2025年11月28日23点场 深夜にしっとり歌います🌙アニソン・J-POP・ボカロ・声優ソング / SINGING STREAM,https://www.bilibili.com/video/BV1fu19YvEa3?p=3,BV1fu19YvEa3,3,1728110237,2024-10-05 14:37:17,仅合集/视频标题含术力口上下文，歌名/歌手字段无直接证据，未纳入正式结果
innocent starter,水樹奈々,AZKi,azki.js,AZKi 2025年11月28日23点场 深夜にしっとり歌います🌙アニソン・J-POP・ボカロ・声優ソング / SINGING STREAM,https://www.bilibili.com/video/BV1fu19YvEa3?p=4,BV1fu19YvEa3,4,1728110237,2024-10-05 14:37:17,仅合集/视频标题含术力口上下文，歌名/歌手字段无直接证据，未纳入正式结果
ヘミソフィア,坂本真綾,AZKi,azki.js,AZKi 2025年11月28日23点场 深夜にしっとり歌います🌙アニソン・J-POP・ボカロ・声優ソング / SINGING STREAM,https://www.bilibili.com/video/BV1fu19YvEa3?p=5,BV1fu19YvEa3,5,1728110237,2024-10-05 14:37:17,仅合集/视频标题含术力口上下文，歌名/歌手字段无直接证据，未纳入正式结果
たった1つの想い,KOKIA,AZKi,azki.js,AZKi 2025年11月28日23点场 深夜にしっとり歌います🌙アニソン・J-POP・ボカロ・声優ソング / SINGING STREAM,https://www.bilibili.com/video/BV1fu19YvEa3?p=6,BV1fu19YvEa3,6,1728110237,2024-10-05 14:37:17,仅合集/视频标题含术力口上下文，歌名/歌手字段无直接证据，未纳入正式结果
人間ってそんなものね,KOKIA,AZKi,azki.js,AZKi 2025年11月28日23点场 深夜にしっとり歌います🌙アニソン・J-POP・ボカロ・声優ソング / SINGING STREAM,https://www.bilibili.com/video/BV1fu19YvEa3?p=7,BV1fu19YvEa3,7,1728110237,2024-10-05 14:37:17,仅合集/视频标题含术力口上下文，歌名/歌手字段无直接证据，未纳入正式结果
アルジャーノン,ヨルシカ,AZKi,azki.js,AZKi 2025年11月28日23点场 深夜にしっとり歌います🌙アニソン・J-POP・ボカロ・声優ソング / SINGING STREAM,https://www.bilibili.com/video/BV1fu19YvEa3?p=9,BV1fu19YvEa3,9,1728110237,2024-10-05 14:37:17,仅合集/视频标题含术力口上下文，歌名/歌手字段无直接证据，未纳入正式结果
fragile,Every Little Thing,AZKi,azki.js,AZKi 2025年11月28日23点场 深夜にしっとり歌います🌙アニソン・J-POP・ボカロ・声優ソング / SINGING STREAM,https://www.bilibili.com/video/BV1fu19YvEa3?p=10,BV1fu19YvEa3,10,1728110237,2024-10-05 14:37:17,仅合集/视频标题含术力口上下文，歌名/歌手字段无直接证据，未纳入正式结果
いのちの名前,木村弓,AZKi,azki.js,AZKi 2025年11月28日23点场 深夜にしっとり歌います🌙アニソン・J-POP・ボカロ・声優ソング / SINGING STREAM,https://www.bilibili.com/video/BV1fu19YvEa3?p=11,BV1fu19YvEa3,11,1728110237,2024-10-05 14:37:17,仅合集/视频标题含术力口上下文，歌名/歌手字段无直接证据，未纳入正式结果
アクアテラリウム,やなぎなぎ,AZKi,azki.js,AZKi 2025年10月04日22点场 しっとり歌います🎤アニソン・J-POP・ボカロ・声優ソング / SINGING STREAM,https://www.bilibili.com/video/BV1Z319YPE2f?p=1,BV1Z319YPE2f,1,1728109999,2024-10-05 14:33:19,仅合集/视频标题含术力口上下文，歌名/歌手字段无直接证据，未纳入正式结果
プライド～嘆きの旅,AKINO,AZKi,azki.js,AZKi 2025年10月04日22点场 しっとり歌います🎤アニソン・J-POP・ボカロ・声優ソング / SINGING STREAM,https://www.bilibili.com/video/BV1Z319YPE2f?p=2,BV1Z319YPE2f,2,1728109999,2024-10-05 14:33:19,仅合集/视频标题含术力口上下文，歌名/歌手字段无直接证据，未纳入正式结果
ウンディーネ,牧野由依,AZKi,azki.js,AZKi 2025年10月04日22点场 しっとり歌います🎤アニソン・J-POP・ボカロ・声優ソング / SINGING STREAM,https://www.bilibili.com/video/BV1Z319YPE2f?p=3,BV1Z319YPE2f,3,1728109999,2024-10-05 14:33:19,仅合集/视频标题含术力口上下文，歌名/歌手字段无直接证据，未纳入正式结果
悪魔の子,ヒグチアイ,AZKi,azki.js,AZKi 2025年10月04日22点场 しっとり歌います🎤アニソン・J-POP・ボカロ・声優ソング / SINGING STREAM,https://www.bilibili.com/video/BV1Z319YPE2f?p=5,BV1Z319YPE2f,5,1728109999,2024-10-05 14:33:19,仅合集/视频标题含术力口上下文，歌名/歌手字段无直接证据，未纳入正式结果
正しくなれない,ずっと真夜中でいいのに。,AZKi,azki.js,AZKi 2025年10月04日22点场 しっとり歌います🎤アニソン・J-POP・ボカロ・声優ソング / SINGING STREAM,https://www.bilibili.com/video/BV1Z319YPE2f?p=6,BV1Z319YPE2f,6,1728109999,2024-10-05 14:33:19,仅合集/视频标题含术力口上下文，歌名/歌手字段无直接证据，未纳入正式结果
斜陽,ヨルシカ,AZKi,azki.js,AZKi 2025年10月04日22点场 しっとり歌います🎤アニソン・J-POP・ボカロ・声優ソング / SINGING STREAM,https://www.bilibili.com/video/BV1Z319YPE2f?p=7,BV1Z319YPE2f,7,1728109999,2024-10-05 14:33:19,仅合集/视频标题含术力口上下文，歌名/歌手字段无直接证据，未纳入正式结果
Departures ～あなたにおくるアイの歌～,EGOIST,AZKi,azki.js,AZKi 2025年10月04日22点场 しっとり歌います🎤アニソン・J-POP・ボカロ・声優ソング / SINGING STREAM,https://www.bilibili.com/video/BV1Z319YPE2f?p=8,BV1Z319YPE2f,8,1728109999,2024-10-05 14:33:19,仅合集/视频标题含术力口上下文，歌名/歌手字段无直接证据，未纳入正式结果
青い夢,AZKi,AZKi,azki.js,AZKi 2025年10月04日22点场 しっとり歌います🎤アニソン・J-POP・ボカロ・声優ソング / SINGING STREAM,https://www.bilibili.com/video/BV1Z319YPE2f?p=9,BV1Z319YPE2f,9,1728109999,2024-10-05 14:33:19,仅合集/视频标题含术力口上下文，歌名/歌手字段无直接证据，未纳入正式结果
月光,鬼束ちひろ,AZKi,azki.js,AZKi 2025年10月04日22点场 しっとり歌います🎤アニソン・J-POP・ボカロ・声優ソング / SINGING STREAM,https://www.bilibili.com/video/BV1Z319YPE2f?p=10,BV1Z319YPE2f,10,1728109999,2024-10-05 14:33:19,仅合集/视频标题含术力口上下文，歌名/歌手字段无直接证据，未纳入正式结果
海色,AKINO from bless4,AZKi,azki.js,AZKi 2025年07月28日20点场 夏曲！夏に聴きたいアニソン・J-POP・ボカロ曲！SUMMER SINGING STREAM,https://www.bilibili.com/video/BV1f319YNE8t?p=1,BV1f319YNE8t,1,1728109962,2024-10-05 14:32:42,仅合集/视频标题含术力口上下文，歌名/歌手字段无直接证据，未纳入正式结果
High Free Spirits,TrySail,AZKi,azki.js,AZKi 2025年07月28日20点场 夏曲！夏に聴きたいアニソン・J-POP・ボカロ曲！SUMMER SINGING STREAM,https://www.bilibili.com/video/BV1f319YNE8t?p=2,BV1f319YNE8t,2,1728109962,2024-10-05 14:32:42,仅合集/视频标题含术力口上下文，歌名/歌手字段无直接证据，未纳入正式结果
花に亡霊,ヨルシカ,AZKi,azki.js,AZKi 2025年07月28日20点场 夏曲！夏に聴きたいアニソン・J-POP・ボカロ曲！SUMMER SINGING STREAM,https://www.bilibili.com/video/BV1f319YNE8t?p=5,BV1f319YNE8t,5,1728109962,2024-10-05 14:32:42,仅合集/视频标题含术力口上下文，歌名/歌手字段无直接证据，未纳入正式结果
海の幽霊,米津玄師,AZKi,azki.js,AZKi 2025年07月28日20点场 夏曲！夏に聴きたいアニソン・J-POP・ボカロ曲！SUMMER SINGING STREAM,https://www.bilibili.com/video/BV1f319YNE8t?p=6,BV1f319YNE8t,6,1728109962,2024-10-05 14:32:42,仅合集/视频标题含术力口上下文，歌名/歌手字段无直接证据，未纳入正式结果
アクアテラリウム,やなぎなぎ,AZKi,azki.js,AZKi 2025年07月28日20点场 夏曲！夏に聴きたいアニソン・J-POP・ボカロ曲！SUMMER SINGING STREAM,https://www.bilibili.com/video/BV1f319YNE8t?p=7,BV1f319YNE8t,7,1728109962,2024-10-05 14:32:42,仅合集/视频标题含术力口上下文，歌名/歌手字段无直接证据，未纳入正式结果
うたかた花火,supercell,AZKi,azki.js,AZKi 2025年07月28日20点场 夏曲！夏に聴きたいアニソン・J-POP・ボカロ曲！SUMMER SINGING STREAM,https://www.bilibili.com/video/BV1f319YNE8t?p=8,BV1f319YNE8t,8,1728109962,2024-10-05 14:32:42,仅合集/视频标题含术力口上下文，歌名/歌手字段无直接证据，未纳入正式结果
"why,or why not",片霧烈火,AZKi,azki.js,AZKi 2025年07月28日20点场 夏曲！夏に聴きたいアニソン・J-POP・ボカロ曲！SUMMER SINGING STREAM,https://www.bilibili.com/video/BV1f319YNE8t?p=9,BV1f319YNE8t,9,1728109962,2024-10-05 14:32:42,仅合集/视频标题含术力口上下文，歌名/歌手字段无直接证据，未纳入正式结果
SUMMER SONG,YUI,AZKi,azki.js,AZKi 2025年07月28日20点场 夏曲！夏に聴きたいアニソン・J-POP・ボカロ曲！SUMMER SINGING STREAM,https://www.bilibili.com/video/BV1f319YNE8t?p=10,BV1f319YNE8t,10,1728109962,2024-10-05 14:32:42,仅合集/视频标题含术力口上下文，歌名/歌手字段无直接证据，未纳入正式结果
プラネタリウム,大塚愛,AZKi,azki.js,AZKi 2025年07月28日20点场 夏曲！夏に聴きたいアニソン・J-POP・ボカロ曲！SUMMER SINGING STREAM,https://www.bilibili.com/video/BV1f319YNE8t?p=11,BV1f319YNE8t,11,1728109962,2024-10-05 14:32:42,仅合集/视频标题含术力口上下文，歌名/歌手字段无直接证据，未纳入正式结果
いかないで,想太,Figaro,figaro.js,【Figaro 】14】星期三定期歌回17 ボカロ专题【240711】,https://www.bilibili.com/video/BV1FJaneYEr1?p=4,BV1FJaneYEr1,4,1720636925,2024-07-11 02:42:05,仅合集/视频标题含术力口上下文，歌名/歌手字段无直接证据，未纳入正式结果
"rain stops, good-bye",におP,Figaro,figaro.js,【Figaro 】14】星期三定期歌回17 ボカロ专题【240711】,https://www.bilibili.com/video/BV1FJaneYEr1?p=6,BV1FJaneYEr1,6,1720636925,2024-07-11 02:42:05,仅合集/视频标题含术力口上下文，歌名/歌手字段无直接证据，未纳入正式结果
無理に笑わなくて良いよ,水野あつ,むんもっしゅ,MunMosh.js,【むんもっしゅ切片整合】00917 ウミユリ海底譚  n-buna【2024年1月10日】ボカロ曲を弾き語り,https://www.bilibili.com/video/BV1BW4y1w7SL?p=6,BV1BW4y1w7SL,6,1705590643,2024-01-18 23:10:43,仅合集/视频标题含术力口上下文，歌名/歌手字段无直接证据，未纳入正式结果
夜もすがら君想ふ,TOKOTOKO(西沢さんP),むんもっしゅ,MunMosh.js,【むんもっしゅ切片整合】00917 ウミユリ海底譚  n-buna【2024年1月10日】ボカロ曲を弾き語り,https://www.bilibili.com/video/BV1BW4y1w7SL?p=9,BV1BW4y1w7SL,9,1705590643,2024-01-18 23:10:43,仅合集/视频标题含术力口上下文，歌名/歌手字段无直接证据，未纳入正式结果
